label_0_percentage,label_1_percentage,label_2_percentage,label_3_percentage
0.9999987,7.890101E-7,4.874947E-7,3.447015E-9
0.9999976,1.6037332E-6,8.878229E-7,3.4196905E-9
1.0,4.1550305E-7,3.0988366E-7,3.1369827E-9
0.9999907,3.543415E-6,5.668699E-6,2.4440109E-8
0.99999213,2.0189048E-6,5.8030873E-6,1.186062E-8
1.0,2.5061465E-7,6.5733497E-7,4.7229842E-9
0.99999785,1.503537E-6,5.4257515E-7,4.477797E-9
0.99999833,8.579662E-7,8.871422E-7,5.309623E-9
0.9999949,3.865401E-6,1.2826197E-6,7.849228E-9
0.99999785,9.262722E-7,1.1565347E-6,3.793001E-9
0.9999951,3.1622412E-6,1.6705338E-6,7.768147E-9
0.99998474,1.2418636E-5,2.9103862E-6,1.8194346E-8
0.9999956,2.6201117E-6,1.7491282E-6,1.2115949E-8
0.9999987,1.0640899E-6,2.612942E-7,1.5430389E-9
0.9999902,4.900648E-6,4.9155797E-6,2.6210897E-8
0.9999963,2.309214E-6,1.4189733E-6,9.8716635E-9
0.9999949,3.8202807E-6,1.329609E-6,4.6625743E-9
0.99999845,1.1665937E-6,4.1494198E-7,5.587314E-9
0.9999902,8.0601114E-7,8.940388E-6,3.8622694E-8
0.99999106,7.668297E-6,1.355559E-6,6.815236E-9
0.99999857,8.9649274E-7,4.328901E-7,3.5432652E-9
0.9999989,2.7691345E-7,8.217775E-7,3.8735886E-9
0.9999937,5.4841835E-6,8.4593285E-7,9.706699E-9
1.0,3.6115165E-7,3.6741804E-7,7.0394965E-9
0.99999416,3.6766032E-6,2.1600447E-6,2.7493634E-8
0.9999943,1.7169871E-6,4.0680848E-6,5.6292864E-9
0.9999963,3.0013691E-6,6.558522E-7,4.971857E-9
0.99991035,8.466372E-5,4.755261E-6,2.4237434E-7
0.9999963,2.554103E-6,1.1382953E-6,2.3503686E-8
0.9999976,1.9151662E-6,5.124691E-7,5.9122125E-9
0.9999988,6.7781934E-7,5.1808445E-7,2.6761642E-9
0.9999987,1.0909167E-6,1.9063822E-7,2.4898101E-9
0.99999523,3.213538E-6,1.5304937E-6,9.196971E-9
0.9999938,4.7895533E-6,1.3809628E-6,1.8576522E-8
0.99999595,2.1256537E-6,1.9033986E-6,1.0200067E-8
0.99999666,2.4602293E-6,8.507508E-7,4.314126E-9
0.9999907,1.0483878E-6,8.250914E-6,1.1655649E-8
0.99999416,4.9288933E-6,9.644336E-7,5.7964247E-9
0.9999989,6.026478E-7,4.500269E-7,3.9633457E-9
0.99997807,8.473694E-6,1.3455795E-5,3.472139E-8
0.9999974,1.766335E-6,8.7868176E-7,2.3112137E-9
0.99999595,3.7513773E-6,4.0045268E-7,2.9413083E-9
1.0,6.272299E-7,2.488532E-7,2.696738E-9
0.99999285,3.9192537E-6,3.2281912E-6,2.935825E-8
0.9999981,1.7651239E-6,1.5543263E-7,7.6482726E-10
1.0,1.6566142E-7,1.804422E-7,1.9740343E-9
1.0,4.704325E-7,3.4123823E-7,6.854871E-9
0.9999976,1.6199085E-6,6.559932E-7,7.290228E-9
0.99999774,1.938864E-6,3.6780733E-7,3.495289E-9
0.9999987,7.747076E-7,5.861501E-7,7.645014E-9
0.99999595,9.889574E-7,3.110998E-6,1.2128138E-8
0.9999951,4.2654915E-6,5.822959E-7,3.3715357E-9
0.99999285,2.7268065E-6,4.3902937E-6,3.020831E-8
0.99999654,1.4393426E-6,2.0211137E-6,1.6072484E-8
0.9999957,2.730361E-6,1.6043252E-6,9.030089E-9
0.9999969,2.2877605E-6,8.2739774E-7,5.2606537E-9
0.99999785,1.4325384E-6,6.7039355E-7,5.4880065E-9
0.9999989,3.8824908E-7,7.668119E-7,2.6648415E-9
0.9999963,1.6813467E-6,2.021601E-6,6.9426425E-9
0.99999857,8.095415E-7,5.471262E-7,4.29303E-9
0.99999833,5.6260086E-7,1.0516615E-6,3.380381E-9
0.9999927,4.603327E-6,2.607511E-6,9.950723E-9
0.9999908,5.069637E-6,4.067E-6,9.119235E-9
0.99999857,9.663493E-7,5.289222E-7,2.9054135E-9
0.9999975,1.8118097E-6,6.659773E-7,8.694791E-9
0.9999949,1.8283152E-6,3.2826358E-6,2.1262636E-8
0.99999523,3.7433265E-6,1.0147967E-6,5.2753752E-9
1.0,3.70252E-7,5.433416E-7,4.642751E-9
0.9999958,1.366802E-6,2.9085816E-6,4.4106223E-8
0.9999931,4.6914006E-6,2.2692448E-6,3.0139656E-8
0.99999285,6.437928E-6,7.0530183E-7,9.569043E-9
1.0,4.799566E-7,5.2984075E-7,5.9353833E-9
0.99999845,1.062828E-6,4.7690713E-7,3.139542E-9
0.9999982,8.9960054E-7,8.8902823E-7,4.9315103E-9
0.99999714,1.5943144E-6,1.3347853E-6,1.8420915E-8
0.9999989,7.486524E-7,3.6059052E-7,4.41501E-9
0.99999774,1.4907424E-6,6.6411724E-7,7.336526E-9
0.99999845,1.2074516E-6,4.089217E-7,3.0521732E-9
0.99999857,6.7000667E-7,7.507885E-7,6.5179324E-9
0.99999785,9.31696E-7,1.2040517E-6,8.5678336E-9
0.99999607,1.5792798E-6,2.3909402E-6,1.5090892E-8
0.999998,8.05743E-7,1.1361401E-6,4.671277E-9
0.9999969,2.391592E-6,7.4643583E-7,4.1741597E-9
1.0,3.4848466E-7,5.118744E-7,6.8141213E-9
0.9999975,1.6602238E-6,8.2934235E-7,7.229218E-9
1.5629704E-6,0.9981504,0.0018382762,9.764765E-6
2.564712E-6,0.9999547,3.9959614E-5,2.7326432E-6
4.6360435E-7,0.9999846,1.4387621E-5,5.214701E-7
2.1872256E-6,0.99966276,3.1590657E-4,1.924042E-5
2.026715E-5,0.9985856,0.0013709099,2.3323788E-5
3.1243678E-6,0.9999852,1.1179565E-5,4.949492E-7
3.4273944E-7,0.99937266,6.2310114E-4,3.978542E-6
3.7713955E-6,0.99975234,2.3689005E-4,6.9543435E-6
2.2770957E-6,0.9998305,1.5794794E-4,9.334453E-6
1.5942521E-6,0.9993117,6.708894E-4,1.5836153E-5
1.0789161E-6,0.99989486,1.0121289E-4,2.8126062E-6
3.598356E-6,0.9995221,4.706417E-4,3.7523864E-6
2.80285E-6,0.9998123,1.7831314E-4,6.5003173E-6
1.2524615E-5,0.9998498,1.3595012E-4,1.6119628E-6
7.4477653E-6,0.9965628,0.0033971784,3.254164E-5
1.8933697E-6,0.9996798,3.0613338E-4,1.2161564E-5
1.1382462E-5,0.9990814,9.017799E-4,5.3291214E-6
5.3434396E-6,0.9999368,5.4549153E-5,3.2596822E-6
5.558898E-6,0.9986166,0.0013610576,1.678293E-5
1.7825741E-7,0.9999895,9.541633E-6,8.265942E-7
3.146001E-6,0.9996823,3.1136637E-4,3.2712549E-6
4.7897984E-6,0.9997981,1.772562E-4,1.9860681E-5
3.7477546E-6,0.9984787,0.0014861795,3.1384683E-5
9.4297025E-7,0.9999945,3.945888E-6,5.7337724E-7
5.5439104E-6,0.999946,4.481906E-5,3.5873184E-6
7.0175673E-7,0.9998566,1.1867284E-4,2.3995959E-5
7.0915457E-6,0.99906224,9.2030584E-4,1.0367278E-5
1.6086625E-6,0.9999318,6.187951E-5,4.7957096E-6
1.9909883E-6,0.9998877,1.0715674E-4,3.130329E-6
4.7906406E-6,0.9997384,2.4176843E-4,1.50458745E-5
5.743941E-6,0.99957544,4.098913E-4,8.877473E-6
1.7148069E-6,0.99995685,4.0797608E-5,6.5725334E-7
1.0190907E-6,0.99991286,8.483843E-5,1.1836461E-6
2.9610887E-6,0.9999316,4.081872E-5,2.4665023E-5
2.1994327E-5,0.9990846,8.381438E-4,5.5209635E-5
8.234717E-7,0.99997365,2.453246E-5,9.272945E-7
4.600365E-6,0.9989367,0.0010462223,1.2417055E-5
4.0248653E-7,0.9999789,1.5846666E-5,4.9328805E-6
2.9702876E-5,0.99892116,0.001036802,1.2352762E-5
6.814947E-7,0.99994195,5.3804608E-5,3.5622159E-6
4.1059493E-6,0.99946004,5.2502746E-4,1.0793076E-5
3.7896373E-7,0.99993646,4.5585723E-5,1.7647737E-5
8.0716245E-6,0.9998282,1.6082537E-4,2.8149223E-6
2.893841E-6,0.999183,8.034738E-4,1.0596169E-5
6.554121E-6,0.99969256,2.895908E-4,1.1316699E-5
5.812342E-7,0.999882,1.0917105E-4,8.175033E-6
1.2251332E-6,0.9999505,3.919045E-5,9.044665E-6
1.5855205E-6,1.4765286E-5,0.9999678,1.5876472E-5
1.1191143E-7,7.914895E-6,0.99988556,1.0641664E-4
2.1866879E-6,5.4106285E-6,0.99999,2.4224541E-6
1.3098309E-6,1.768307E-5,0.9999101,7.0921415E-5
1.665499E-6,1.4766913E-5,0.9999654,1.816474E-5
2.0090064E-7,3.8644226E-5,0.9998385,1.226903E-4
6.2228805E-6,1.0760822E-5,0.9999784,4.627792E-6
5.1825828E-6,3.1191314E-5,0.9998903,7.329473E-5
1.9615602E-6,1.2937116E-5,0.9999838,1.2821603E-6
4.693722E-6,1.22030855E-4,0.99977547,9.7875076E-5
2.3372982E-6,3.1523134E-6,0.99998057,1.3966092E-5
3.2861674E-6,1.1514238E-5,0.9999753,9.84173E-6
2.053513E-6,2.6319609E-5,0.9999335,3.815231E-5
1.4224527E-6,1.6330623E-5,0.9999362,4.5990986E-5
6.1074525E-7,7.2304516E-7,0.9999869,1.180921E-5
2.3102325E-6,1.4496758E-6,0.99997556,2.065204E-5
2.5796896E-6,3.390034E-5,0.9997123,2.5119245E-4
2.021386E-6,1.35298305E-5,0.9999577,2.686108E-5
2.6164603E-6,2.0166684E-5,0.9999571,2.0126414E-5
1.6858818E-6,1.41499495E-5,0.99993193,5.2233307E-5
8.175586E-6,1.5025995E-5,0.99996686,9.92052E-6
2.27308E-6,1.4377986E-5,0.9998517,1.3159946E-4
5.2054893E-6,5.751929E-5,0.99987924,5.8004927E-5
9.140813E-6,3.474085E-5,0.9999018,5.4400116E-5
9.933237E-6,7.184937E-5,0.99988616,3.2120526E-5
1.0521109E-6,1.2145836E-5,0.99989057,9.61842E-5
5.166109E-6,1.0260238E-5,0.9999682,1.6467742E-5
1.1145512E-5,3.8456196E-6,0.9999796,5.324013E-6
3.7111147E-6,4.4894623E-5,0.9999454,6.0044968E-6
2.8137283E-6,2.6077425E-5,0.9999056,6.561543E-5
4.736743E-6,3.6573838E-5,0.99995005,8.63502E-6
6.153098E-6,1.6273609E-6,0.99998415,8.147862E-6
1.8068088E-6,2.4335344E-5,0.99996483,9.035113E-6
5.008843E-6,4.549194E-5,0.9999075,4.1940926E-5
4.298629E-6,4.704368E-5,0.99992526,2.3359757E-5
6.6418943E-7,3.0892684E-7,0.9999434,5.5687025E-5
7.045417E-7,2.2710688E-5,0.9999559,2.071333E-5
1.836213E-6,2.6815476E-6,0.9999851,1.0423341E-5
1.7527958E-6,2.0109744E-6,0.9999502,4.5992634E-5
2.4135537E-7,6.565723E-6,0.99989724,9.595031E-5
2.9678845E-6,4.89605E-5,0.99974924,1.9876451E-4
2.7433211E-6,4.5273413E-5,0.9999083,4.367413E-5
1.0396114E-6,5.332558E-6,0.9999659,2.781671E-5
7.5435037E-7,1.6090375E-5,0.9999155,6.7682246E-5
6.366405E-6,1.5196526E-4,0.99976355,7.8209865E-5
5.6177155E-6,2.984554E-6,0.9999894,1.9830852E-6
1.4558001E-6,3.6491696E-5,0.9999312,3.0853127E-5
3.2536536E-6,1.3539093E-4,0.99979657,6.4837E-5
7.7512635E-7,1.1533032E-5,0.99993825,4.9422222E-5
1.0876493E-8,7.6986566E-5,5.0810387E-4,0.9994149
1.14046465E-7,3.7926974E-4,0.0013347022,0.99828595
8.6928446E-7,2.6179917E-4,0.0028694735,0.99686784
8.453405E-9,1.6283306E-4,5.473251E-4,0.99928975
1.3304635E-8,7.000721E-5,9.809685E-4,0.998949
2.1698156E-6,3.253439E-4,0.0036581159,0.99601436
9.0359237E-7,3.2703314E-4,0.0023399717,0.9973321
1.3116994E-8,8.792228E-5,3.9673256E-4,0.9995153
1.7013786E-8,4.1045092E-5,0.003131204,0.99682766
2.6820109E-8,2.644035E-5,3.9636405E-4,0.9995772
1.7551001E-7,3.626147E-4,0.0010954224,0.99854183
2.496796E-8,2.9208718E-4,3.9995916E-4,0.9993079
8.862291E-8,1.1581729E-4,0.0013127369,0.9985714
6.578092E-8,1.8413078E-4,0.0011883578,0.9986274
5.4334504E-7,1.3693058E-4,0.0020424714,0.99782
1.3602485E-7,1.6584263E-4,0.0019313684,0.99790263
1.05481694E-8,8.247603E-5,4.0958833E-4,0.9995079
1.3269816E-7,1.6457443E-4,6.550706E-4,0.99918026
2.759843E-7,4.975764E-5,0.0035782426,0.99637175
5.9071716E-8,4.287722E-4,2.666543E-4,0.99930453
1.5178497E-7,1.5204467E-4,0.0063962126,0.9934516
7.844758E-8,5.0278875E-5,7.647992E-4,0.9991848
2.6724373E-7,4.2420952E-4,0.0050588707,0.9945167
7.561218E-8,4.187462E-4,0.0015634054,0.9980178
5.7442384E-7,7.424677E-5,0.0030013216,0.99692386
1.0208248E-7,2.5000985E-4,0.0034320324,0.99631786
1.9294498E-7,6.7978974E-5,0.0018759479,0.99805593
1.1446845E-7,2.3615989E-5,0.0013916781,0.9985846
3.300868E-8,1.7365662E-4,0.0031524964,0.9966738
2.1489196E-8,2.296728E-5,7.6397E-4,0.999213
3.9703363E-7,2.4530044E-4,0.0050554518,0.9946989
1.03144316E-7,0.0031623293,0.0012220141,0.9956156
4.141592E-7,2.89496E-4,0.013521889,0.98618823
5.072746E-8,3.2080305E-4,5.9205096E-4,0.9990871
1.17964355E-7,6.911793E-5,0.003949701,0.9959811
2.5266223E-7,0.0010054073,0.007603753,0.9913906
8.036593E-9,1.1256155E-5,0.0021773118,0.9978115
3.8500694E-8,7.426666E-5,0.0035485236,0.99637717
8.012031E-8,2.3519662E-4,0.012217304,0.9875474
2.2991077E-7,4.2284667E-4,0.0019569728,0.9976199
6.111434E-8,3.9134055E-5,6.3184166E-4,0.999329
1.9324546E-7,6.2242243E-4,0.0033727433,0.99600464
1.3260284E-7,5.351042E-4,0.009596883,0.9898679
1.7336264E-7,6.933957E-5,0.0074303006,0.99250025
2.1525628E-8,2.1625146E-5,8.5478555E-4,0.99912363
3.550758E-7,1.06642845E-4,0.011429739,0.9884632
6.444924E-8,6.7746834E-5,0.024961784,0.97497034
2.3940817E-7,3.7670825E-4,0.008041468,0.9915816
0.9997111,5.27173E-5,2.3619835E-4,2.7694925E-8
0.9989318,1.1149757E-4,9.566917E-4,4.8480203E-8
0.99957603,9.227346E-5,3.317778E-4,3.4559985E-8
0.99948573,3.665684E-5,4.775763E-4,3.1793462E-8
0.9934056,2.3953621E-4,0.0063545005,3.0196625E-7
0.99903345,1.991269E-4,7.67491E-4,5.7787332E-8
0.9978994,3.339181E-4,0.0017665346,9.385582E-8
0.99981445,6.362696E-5,1.21959405E-4,3.1855222E-8
0.9965113,4.919457E-4,0.002996578,2.4256406E-7
0.9995677,8.385155E-5,3.4829593E-4,8.458745E-8
0.9997634,5.9847316E-5,1.7668182E-4,7.851157E-8
0.9947488,2.637475E-4,0.004987073,4.6400655E-7
0.9999529,1.6986482E-5,3.0117113E-5,1.7479364E-8
0.99795353,2.6977732E-4,0.0017765148,1.5212393E-7
0.9978619,9.703445E-5,0.002040763,1.8531432E-7
0.9998437,5.2335898E-5,1.03985825E-4,2.5103626E-8
0.99993145,1.2193186E-5,5.6421224E-5,1.23950485E-8
0.99815553,7.313436E-5,0.0017711687,1.5383263E-7
0.99977,4.68496E-5,1.8323636E-4,2.5824056E-8
0.9991684,1.189998E-4,7.124684E-4,1.02698806E-7
0.9995258,1.4096585E-5,4.6009588E-4,8.465105E-8
0.99878937,1.5290228E-4,0.0010576984,1.171087E-7
0.99901986,1.640258E-4,8.160705E-4,6.1521085E-8
0.9999478,2.319251E-5,2.8986575E-5,8.922108E-9
0.99820185,4.78422E-5,0.001749557,7.680971E-7
0.9990314,3.7860773E-5,9.306234E-4,6.368413E-8
0.9999213,1.2870338E-5,6.5824424E-5,6.5685706E-9
0.9986821,6.525295E-5,0.0012525849,1.5666083E-7
0.99995077,1.4666865E-5,3.4523244E-5,3.1556795E-9
0.9998148,3.902972E-5,1.4621309E-4,2.4936877E-8
0.99786747,8.5974796E-5,0.0020463793,9.4366E-8
0.9996132,1.8768369E-5,3.67869E-4,6.1450756E-8
0.99937767,8.3822015E-5,5.3834234E-4,6.30729E-8
0.9995766,7.4822994E-5,3.4843924E-4,1.237914E-7
0.9981047,2.2131926E-4,0.0016737535,2.484239E-7
0.9988979,1.4947886E-4,9.52547E-4,7.0277515E-8
0.9993755,1.9901552E-5,6.0454546E-4,1.07315984E-7
0.9997466,4.0286726E-5,2.1312146E-4,4.449298E-8
0.9994211,9.025607E-5,4.8861303E-4,3.7567332E-8
0.9998677,1.0480086E-5,1.2175938E-4,2.502463E-8
0.9991159,8.078387E-5,8.032256E-4,1.5199149E-7
0.99962556,1.204188E-4,2.539952E-4,4.3191207E-8
0.9991716,7.8461104E-5,7.498201E-4,7.0201104E-8
0.99803716,4.4273227E-5,0.0019184217,1.183482E-7
0.99973184,9.252357E-5,1.7562143E-4,4.0033104E-8
0.9994875,9.361285E-5,4.187714E-4,4.0479044E-8
0.99823207,2.6411557E-4,0.0015034995,3.541006E-7
0.9984654,2.1747136E-4,0.0013167675,3.6406487E-7
0.9992207,1.6959329E-4,6.0952763E-4,9.117223E-8
0.98750395,1.5037516E-4,0.01234513,5.9547426E-7
0.9996673,9.567051E-5,2.3706538E-4,1.7701137E-8
0.9988427,1.4283505E-4,0.0010142466,1.4106162E-7
0.99901164,1.6852968E-5,9.713462E-4,6.955085E-8
0.99984264,2.6080013E-5,1.3123231E-4,1.5275116E-8
0.99895585,1.6157876E-4,8.8242616E-4,1.5309739E-7
0.9995322,1.2042122E-4,3.4735346E-4,5.694089E-8
0.9994604,1.1628779E-4,4.233297E-4,5.5441618E-8
0.99933076,7.942686E-5,5.897342E-4,8.728731E-8
0.99974114,2.7941307E-5,2.3097065E-4,4.525723E-8
0.9972699,3.8102994E-4,0.0023487585,1.9290982E-7
0.9975292,3.2608086E-4,0.002144454,2.0967032E-7
0.9991197,1.17405965E-4,7.626998E-4,6.2440265E-8
0.99849033,3.698022E-4,0.0011395593,1.8178689E-7
0.9983783,3.2604436E-5,0.0015889764,8.1131844E-8
0.99858296,5.9218095E-5,0.0013577624,7.472327E-8
0.99634993,2.023973E-4,0.0034473822,2.7054693E-7
0.9998815,2.4463034E-5,9.4006245E-5,2.628028E-8
0.9961616,3.084515E-4,0.0035298,2.6445514E-7
0.9934956,2.019349E-4,0.0063019716,5.095309E-7
0.9997271,4.376552E-5,2.2900832E-4,7.593739E-8
0.99735415,5.662152E-4,0.0020796042,7.804009E-8
0.9991347,3.9826755E-5,8.254606E-4,1.2644013E-7
0.9994981,8.351166E-5,4.1817222E-4,1.5864309E-7
0.99979705,7.723224E-5,1.2572102E-4,2.7229335E-8
0.9989436,4.7775084E-4,5.785352E-4,5.985983E-8
0.99909425,2.012003E-4,7.0461875E-4,3.368513E-8
0.99907935,1.6696584E-4,7.534889E-4,1.049856E-7
0.99993694,3.1863943E-5,3.119815E-5,1.226944E-8
0.99906224,2.568802E-4,6.805245E-4,3.49933E-7
0.9981458,1.5562479E-4,0.0016984465,1.28561E-7
0.997865,5.3901225E-4,0.0015958927,1.5046193E-7
0.99786276,2.5666427E-4,0.0018802573,1.9204217E-7
0.999458,4.795808E-5,4.937982E-4,6.0140195E-8
0.9996543,1.1906414E-4,2.2649806E-4,8.380128E-8
0.9979442,2.2976552E-4,0.0018256853,3.0501883E-7
0.9996456,9.600853E-5,2.5837426E-4,2.7529746E-8
0.9997391,2.6523056E-5,2.343145E-4,2.6281548E-8
0.9988488,7.423365E-5,0.0010770501,4.6573753E-8
0.99984026,1.652822E-5,1.4311918E-4,4.9900642E-8
0.999713,7.28807E-5,2.1405758E-4,3.826053E-8
0.9996045,1.0020746E-4,2.9533755E-4,4.9355453E-8
0.9997583,6.788549E-5,1.7370566E-4,3.1060463E-8
0.99938226,5.7831967E-5,5.598183E-4,6.048326E-8
0.9992847,1.17804135E-4,5.9741095E-4,6.2911816E-8
0.99392116,6.0587525E-5,0.0060177925,4.2952826E-7
0.9998723,1.782073E-5,1.09802226E-4,1.7487123E-8
0.9936562,5.7461666E-4,0.00576869,4.3709588E-7
0.9998342,3.2658896E-5,1.3319346E-4,2.8258485E-8
0.99976367,1.6046453E-5,2.2021277E-4,2.3253754E-8
0.9997727,3.735475E-5,1.8994474E-4,1.8816806E-8
0.9986908,6.767624E-5,0.0012414649,1.3213283E-7
0.9999418,7.1064655E-6,5.0963914E-5,1.8946949E-8
0.9995721,4.517979E-5,3.8277608E-4,3.1195732E-8
0.99820685,1.2242513E-4,0.0016705893,1.4369878E-7
0.9997744,6.391468E-5,1.6178722E-4,2.7110927E-8
0.9995425,6.3391395E-5,3.9401365E-4,6.7795696E-8
0.9952186,4.9021957E-5,0.0047320146,3.679598E-7
0.99955267,5.235865E-5,3.9502583E-4,3.2998745E-8
0.99973375,9.1439106E-5,1.7482816E-4,3.3390908E-8
0.9974445,4.496158E-4,0.0021057238,1.7975371E-7
0.99899143,2.94151E-4,7.143011E-4,6.206751E-8
0.99968266,2.6995638E-5,2.9027724E-4,3.587355E-8
0.9982229,1.9366026E-4,0.0015833405,1.461089E-7
0.9980551,6.24482E-4,0.0013203331,1.2335322E-7
0.9979359,1.6777481E-4,0.0018961357,2.5123498E-7
0.9996489,3.7021346E-5,3.1394942E-4,5.887663E-8
0.9990201,6.98576E-5,9.099048E-4,1.08401686E-7
0.9990803,1.5225641E-4,7.673419E-4,1.4983135E-7
0.99973994,8.451627E-5,1.7539556E-4,7.6584925E-8
0.99826235,7.3716474E-5,0.0016638323,1.6047512E-7
0.9997799,9.7229946E-5,1.2283272E-4,3.1566046E-8
0.99805534,1.4002377E-4,0.0018044838,1.7180179E-7
0.9976477,7.857848E-5,0.0022734057,2.6178355E-7
0.9993538,2.7582633E-5,6.184581E-4,1.2717248E-7
0.99938214,6.2617546E-5,5.550378E-4,6.981047E-8
0.9987393,1.3146973E-4,0.0011292116,1.4112747E-7
0.9995803,3.5512E-5,3.8415135E-4,5.7700092E-8
0.9998388,1.3718033E-5,1.4748373E-4,1.4847512E-8
0.99840766,2.178968E-4,0.0013743188,1.2062581E-7
0.9974732,9.388247E-5,0.0024325864,1.9578664E-7
0.9996282,3.655816E-5,3.3519435E-4,2.5796421E-8
0.99977976,3.0484869E-5,1.8975542E-4,2.4364587E-8
0.99982125,4.4193737E-5,1.345821E-4,5.798278E-8
0.99941754,5.2645206E-5,5.296496E-4,1.13019276E-7
0.9996619,6.5285334E-5,2.7277975E-4,2.3593682E-8
0.99361175,3.122433E-4,0.006075562,5.273233E-7
0.9996232,4.7261918E-5,3.2932163E-4,6.336831E-8
0.9997887,1.7522212E-5,1.9377674E-4,2.1709228E-8
0.99796283,6.4206964E-5,0.0019727023,1.7856328E-7
0.9999205,1.6645801E-5,6.27782E-5,3.5725428E-8
0.99989116,4.199828E-5,6.689592E-5,1.8630463E-8
0.99947995,8.7079716E-5,4.329141E-4,1.0162233E-7
0.99983907,2.527309E-5,1.3561404E-4,3.483855E-8
0.9998667,3.5347057E-5,9.785554E-5,9.196947E-9
0.9995215,1.0394191E-4,3.7463685E-4,3.189762E-8
0.99988747,3.4270124E-5,7.823993E-5,7.708865E-9
0.99974865,5.0409733E-5,2.0091873E-4,2.5834934E-8
0.9998747,1.9131903E-5,1.0612563E-4,1.9406691E-8
0.99980277,1.98377E-5,1.7742938E-4,1.6906563E-8
0.9996754,4.0064973E-5,2.8456244E-4,2.9560953E-8
0.99992275,9.657735E-6,6.764518E-5,2.1500975E-8
0.9988318,2.6554757E-4,9.02522E-4,1.05255296E-7
0.9996834,3.340791E-5,2.8330207E-4,5.8808062E-8
0.9988217,7.8602476E-5,0.0010995743,7.397062E-8
0.9985335,3.1596872E-5,0.0014348545,6.4958726E-8
0.9995253,2.1323691E-4,2.6137347E-4,1.6994939E-8
0.99974567,3.115582E-5,2.2322034E-4,1.205684E-8
0.9928248,1.3982778E-4,0.0070350002,4.8876393E-7
0.99983656,4.0022358E-5,1.2341658E-4,2.7567692E-8
0.99830735,1.5954304E-4,0.0015329809,6.5172586E-8
0.99940026,6.8523994E-5,5.310584E-4,6.3794346E-8
0.9996512,1.2856649E-4,2.2023187E-4,3.5889805E-8
0.99976367,4.7637477E-5,1.8871395E-4,3.1050384E-8
0.9987569,3.4924725E-4,8.9344895E-4,4.2206094E-7
0.9985745,7.688662E-5,0.0013483339,2.1199486E-7
0.9983181,2.1495276E-4,0.0014668839,1.1831559E-7
0.99880004,5.588927E-5,0.0011439776,1.6672514E-7
0.9997892,3.6879654E-5,1.7389153E-4,6.006359E-8
0.99784505,2.1825763E-4,0.0019365251,1.3528815E-7
0.9995322,2.6314367E-5,4.4130877E-4,8.808789E-8
0.9996468,1.5272417E-4,2.0039348E-4,3.0530227E-8
0.99957544,5.6702294E-5,3.6775038E-4,7.180009E-8
0.99904937,2.7625624E-4,6.7424704E-4,1.2647743E-7
0.9984106,2.0364717E-4,0.0013856784,1.5954514E-7
0.9996138,8.8061606E-5,2.9812005E-4,2.8992273E-8
0.9995528,7.058089E-5,3.7663788E-4,5.5616955E-8
0.99824107,3.5506976E-4,0.0014030797,7.3412536E-7
0.9999366,8.170125E-6,5.5158995E-5,8.712887E-9
0.9980282,1.6485048E-4,0.0018067241,1.2458189E-7
0.99822325,4.7133345E-4,0.0013052757,1.5861504E-7
0.9983681,3.3708657E-5,0.0015981735,7.771727E-8
0.99976736,4.7123445E-5,1.8554615E-4,1.2151018E-8
0.99935836,1.3031428E-4,5.1130773E-4,3.9691052E-8
0.9998129,2.8685685E-5,1.5838332E-4,5.0269257E-8
0.99967873,2.4090416E-5,2.9725587E-4,1.8352845E-8
0.9986203,2.0991359E-4,0.0011697197,1.1992158E-7
0.9992893,1.0811726E-4,6.024537E-4,6.3737396E-8
0.9967822,9.0328795E-5,0.0031274206,1.1297589E-7
0.9994435,3.384259E-5,5.226595E-4,3.8896246E-8
0.9996861,3.35259E-5,2.8035682E-4,4.5157737E-8
0.9998292,2.0645572E-5,1.5015468E-4,4.227307E-8
0.99984,2.3476663E-5,1.3651667E-4,1.811927E-8
0.9996444,3.7111353E-5,3.1853453E-4,3.01265E-8
0.99954873,4.670341E-5,4.045191E-4,4.7550916E-8
0.99988985,7.151398E-5,3.8648242E-5,7.9329245E-9
3.2556272E-6,0.99828535,0.0016879997,2.3463821E-5
3.480215E-6,0.99764156,0.0022961535,5.882252E-5
2.66946E-6,0.99981505,1.7657941E-4,5.682159E-6
1.1253593E-6,0.9999871,6.7693964E-6,4.94948E-6
5.780258E-6,0.99939525,5.801098E-4,1.885454E-5
3.7634045E-6,0.99875927,0.0012122762,2.465056E-5
3.7867728E-6,0.9993231,6.647683E-4,8.286461E-6
6.565512E-6,0.99958664,3.8489708E-4,2.197168E-5
3.6637111E-6,0.99966776,3.2260126E-4,6.0156094E-6
6.7625174E-6,0.9990471,9.354926E-4,1.0543604E-5
4.8671222E-6,0.99983954,1.4702421E-4,8.497006E-6
7.1684026E-6,0.9999031,7.556515E-5,1.42439085E-5
2.927797E-6,0.99739814,0.0025739921,2.4884208E-5
9.21856E-7,0.99998903,9.8344335E-6,2.41977E-7
6.9752896E-6,0.9939016,0.0060343836,5.6978155E-5
8.868875E-6,0.99901307,9.213012E-4,5.6854064E-5
5.3525364E-6,0.9991567,8.2944887E-4,8.453478E-6
1.2724859E-6,0.9999685,2.9154964E-5,9.31841E-7
6.814186E-6,0.9996581,3.186738E-4,1.6416996E-5
4.346279E-6,0.9996196,3.564316E-4,1.9669375E-5
4.5585257E-6,0.99682,0.0031637552,1.1729396E-5
8.139975E-6,0.99982625,1.582393E-4,7.386263E-6
8.65899E-7,0.9999484,3.6172994E-5,1.4681161E-5
3.8445116E-5,0.9996024,3.3183242E-4,2.7325337E-5
2.7427727E-6,0.9997199,2.6953308E-4,7.804823E-6
2.6057094E-5,0.999551,4.0451172E-4,1.8384966E-5
1.4595673E-6,0.9999912,5.7765997E-6,1.7033066E-6
3.8280787E-6,0.99935824,5.892113E-4,4.867761E-5
4.0136906E-6,0.9995491,4.2243543E-4,2.4396293E-5
3.9416777E-6,0.9998797,1.10413544E-4,5.943668E-6
1.8278798E-6,0.9999169,7.819979E-5,3.1068475E-6
1.2508407E-6,0.99996865,2.9435576E-5,7.0316787E-7
1.0747801E-5,0.9992562,6.8001205E-4,5.298604E-5
5.86447E-6,0.9999132,7.440516E-5,6.578909E-6
3.1899654E-6,0.9998197,1.7021898E-4,6.9213447E-6
4.7566755E-6,0.9999808,1.316376E-5,1.3134961E-6
8.240197E-6,0.9977113,0.0021894027,9.1092654E-5
1.0339709E-6,0.9999852,1.2439088E-5,1.357238E-6
3.5329072E-6,0.9997178,2.721755E-4,6.4218343E-6
1.8628386E-6,0.9998568,1.2438458E-4,1.675981E-5
1.2046881E-5,0.99941576,5.424204E-4,2.9752462E-5
2.3651105E-6,0.9999527,4.140806E-5,3.572617E-6
3.8705994E-6,0.9997471,2.40494E-4,8.548675E-6
1.170687E-6,0.999777,2.0999006E-4,1.181323E-5
2.0141413E-5,0.99992967,4.043665E-5,9.730059E-6
1.326382E-5,0.9999372,4.6249916E-5,3.356828E-6
1.8337695E-6,0.99982363,1.5702275E-4,1.7616623E-5
2.5448006E-7,0.999683,3.0367906E-4,1.3164836E-5
5.5198298E-6,0.9996729,2.977498E-4,2.381393E-5
1.2120322E-6,0.9999206,7.484182E-5,3.2955124E-6
2.8264164E-6,0.9993591,6.180772E-4,2.0042628E-5
2.4280046E-6,0.99991155,7.398706E-5,1.1981105E-5
3.6576014E-6,0.99993086,5.4422457E-5,1.09716375E-5
4.8499423E-6,0.99996364,2.6308458E-5,5.0828803E-6
2.5955665E-5,0.99873763,0.0011407268,9.568086E-5
5.2714677E-7,0.99998176,1.30035005E-5,4.815032E-6
2.738455E-6,0.9998448,1.3957931E-4,1.2907012E-5
1.6308032E-6,0.9999685,2.5160993E-5,4.682761E-6
2.9461346E-6,0.9998772,1.0900387E-4,1.0782258E-5
2.5774889E-6,0.9997743,2.0437116E-4,1.8691739E-5
1.0771936E-6,0.9999813,1.10680585E-5,6.6071493E-6
6.888E-6,0.9992192,7.4763683E-4,2.6180538E-5
4.282958E-6,0.99977297,2.0360423E-4,1.9205945E-5
6.2076097E-6,0.9996891,2.948304E-4,9.943724E-6
1.3974144E-6,0.9999043,8.14612E-5,1.2932917E-5
2.4977803E-6,0.9994692,5.1176845E-4,1.655071E-5
4.1367994E-6,0.999851,1.2746184E-4,1.7349039E-5
5.643456E-7,0.99993515,5.9469374E-5,4.7779035E-6
5.998831E-6,0.9995041,4.36874E-4,5.3002368E-5
2.6949806E-6,0.99983025,1.6010003E-4,6.955628E-6
3.3155519E-7,0.9999124,7.8913465E-5,8.286312E-6
2.1698036E-6,0.9999814,1.2665292E-5,3.786966E-6
1.2141251E-6,0.9995956,3.915811E-4,1.17200325E-5
1.7022963E-5,0.99882966,8.642381E-4,2.8908128E-4
1.1095551E-6,0.9995654,4.171898E-4,1.6320972E-5
1.0433752E-6,0.99979645,1.6420969E-4,3.820807E-5
2.9653697E-6,0.997282,0.0026796758,3.5345434E-5
4.4815015E-6,0.99931765,6.105503E-4,6.734332E-5
2.2986342E-6,0.99975675,2.3778288E-4,3.2085463E-6
1.8024323E-6,0.9999763,1.5281508E-5,6.6410526E-6
8.1473485E-7,0.99985385,1.4043659E-4,4.855083E-6
2.3266019E-5,0.9979855,0.001925981,6.52106E-5
9.86707E-7,0.99995244,4.430838E-5,2.3026082E-6
2.9074718E-5,0.99940884,4.711311E-4,9.0982445E-5
1.84882E-5,0.99893004,0.0010093617,4.2161955E-5
9.802983E-6,0.99939525,5.6725956E-4,2.7734448E-5
1.6079792E-6,0.9996977,2.392763E-4,6.150917E-5
1.8325737E-6,0.99992573,6.4810934E-5,7.674189E-6
1.3018449E-5,0.99827397,0.001693017,1.999833E-5
1.6686844E-6,0.9999193,7.631013E-5,2.7689919E-6
1.1698525E-5,0.9995679,4.0628426E-4,1.4086536E-5
7.892851E-6,0.9998574,1.13137365E-4,2.1521942E-5
7.5930525E-6,0.99991584,7.281476E-5,3.7242078E-6
3.972821E-6,0.9996978,2.8801608E-4,1.030657E-5
1.940736E-6,0.99974126,2.500737E-4,6.7696947E-6
1.2985419E-6,0.99993825,4.8699454E-5,1.1735662E-5
1.7798776E-6,0.9997254,2.5574665E-4,1.7038E-5
5.5858636E-6,0.9996458,3.2269268E-4,2.5887908E-5
5.147578E-7,0.9999877,8.4256835E-6,3.3245296E-6
2.478547E-6,0.99985003,1.3565925E-4,1.1813439E-5
2.2248144E-6,0.9998394,1.3445778E-4,2.3814035E-5
3.2111127E-6,0.99907184,8.863897E-4,3.857385E-5
6.9427165E-7,0.99902415,9.66433E-4,8.680461E-6
7.733403E-6,0.9996394,3.1337093E-4,3.9420895E-5
3.3437448E-6,0.9996055,3.2071923E-4,7.0489084E-5
2.9638766E-6,0.99991703,6.837386E-5,1.1541765E-5
3.891953E-6,0.9997147,2.712343E-4,1.0104744E-5
2.0878267E-6,0.99970514,2.8687067E-4,5.853511E-6
6.6377497E-6,0.9994885,4.8555128E-4,1.9288245E-5
3.9605575E-6,0.9998324,1.5856414E-4,5.174406E-6
5.1150537E-6,0.99984956,1.4091318E-4,4.4296066E-6
2.200103E-6,0.9999769,1.9747145E-5,1.1520478E-6
4.4250148E-5,0.9993204,6.123085E-4,2.3094115E-5
1.1786366E-5,0.9987903,0.0011781027,1.9798908E-5
1.0908956E-5,0.99994063,4.737925E-5,1.0291643E-6
8.532238E-7,0.99918896,7.9416134E-4,1.6105017E-5
4.2243364E-6,0.9992275,7.43104E-4,2.5218927E-5
4.662068E-6,0.9995396,4.4829652E-4,7.4920576E-6
2.9219957E-6,0.9999728,2.0855605E-5,3.2877422E-6
4.881367E-6,0.99886596,0.001112733,1.6435259E-5
3.1775687E-6,0.9998952,9.760714E-5,3.889821E-6
5.9653617E-6,0.9994386,5.5402145E-4,1.3821732E-6
8.2868826E-7,0.9998846,1.0900301E-4,5.5524483E-6
2.1513654E-6,0.99847156,0.0014264915,9.977328E-5
1.5415546E-5,0.9997372,2.3950334E-4,7.8267385E-6
2.3480918E-6,0.99971277,2.8313536E-4,1.6921334E-6
2.0531838E-6,0.9998914,1.017357E-4,4.7840135E-6
9.301973E-7,0.9998481,1.4315033E-4,7.710793E-6
6.3132375E-6,0.9996761,3.1135406E-4,6.175561E-6
3.66636E-7,0.99978536,2.0499769E-4,9.328034E-6
2.2952602E-6,0.99700195,0.002947753,4.796119E-5
2.2377972E-6,0.9996669,3.1733795E-4,1.3451134E-5
6.748459E-6,0.99975616,2.317088E-4,5.340034E-6
2.2284758E-7,0.99989164,1.04560335E-4,3.6091567E-6
1.0876352E-6,0.99996054,3.6198002E-5,2.1869216E-6
6.119076E-6,0.99832994,0.0016249542,3.9074766E-5
3.4183122E-6,0.9999515,4.180743E-5,3.249977E-6
2.4923263E-6,0.9989231,0.0010641012,1.029722E-5
4.789234E-7,0.9994854,5.024925E-4,1.1718237E-5
9.88184E-7,0.9996141,3.731628E-4,1.1714115E-5
1.4008753E-5,0.99976236,1.8454182E-4,3.903858E-5
1.0226241E-6,0.9997768,2.1556082E-4,6.5050594E-6
9.773428E-7,0.99987805,1.14968745E-4,5.956402E-6
2.5431937E-6,0.99987376,1.119184E-4,1.1769369E-5
1.9000021E-5,0.9984585,0.0012322715,2.902352E-4
2.8417626E-6,0.9997584,2.3622216E-4,2.4919664E-6
3.220641E-6,0.9999553,3.9304272E-5,2.1696267E-6
6.969279E-7,0.99997365,2.1904687E-5,3.6816011E-6
1.1492342E-5,0.9994387,4.338313E-4,1.16068884E-4
3.9893694E-6,0.9997538,2.3222702E-4,1.0051737E-5
2.607311E-7,0.9999776,1.9534918E-5,2.586297E-6
2.3603968E-6,0.9999336,5.9922273E-5,4.0127197E-6
2.7328953E-5,0.9994172,4.3239322E-4,1.2321748E-4
4.4184676E-6,0.99964535,3.1869556E-4,3.155962E-5
1.0470942E-6,0.99994993,4.2424974E-5,6.5846684E-6
7.5123144E-6,0.9996247,3.5605291E-4,1.1719358E-5
4.3798698E-7,0.9999279,5.8717447E-5,1.2835231E-5
1.3460161E-5,0.9994186,5.378466E-4,3.0118279E-5
1.1511889E-6,0.99996924,2.406997E-5,5.501577E-6
4.5543366E-6,0.9997675,2.1822396E-4,9.7869015E-6
7.4666746E-6,0.99972016,2.3311074E-4,3.922367E-5
3.236975E-6,0.9999559,3.3913264E-5,7.058797E-6
2.8716343E-6,0.9959592,0.0039804094,5.7521702E-5
3.192904E-6,0.99976677,2.0453984E-4,2.5515415E-5
2.3183118E-6,0.9995833,4.0725936E-4,7.202086E-6
2.0221255E-6,0.99983704,1.3141756E-4,2.9401685E-5
2.066559E-6,0.99964976,3.195607E-4,2.8609866E-5
1.7953752E-6,0.99982315,1.5332E-4,2.181615E-5
5.338995E-7,0.99987006,1.263702E-4,3.0918554E-6
4.3712257E-6,0.9998783,7.68269E-5,4.038444E-5
1.063062E-6,0.9996493,3.282428E-4,2.1434986E-5
3.0663036E-6,0.9997131,2.7538123E-4,8.357628E-6
4.5232832E-7,0.9999453,5.0030332E-5,4.2223623E-6
2.0316935E-5,0.999335,6.2136364E-4,2.3232562E-5
2.1639416E-6,0.9998492,1.3844762E-4,1.0150808E-5
1.394644E-5,0.999777,1.9908838E-4,1.0018322E-5
1.0457944E-6,0.9999304,6.0959937E-5,7.596712E-6
2.9114967E-6,0.9996568,3.206308E-4,1.9608899E-5
1.5260991E-6,0.9995098,4.824522E-4,6.1866813E-6
3.2992466E-6,0.9999182,7.446964E-5,3.9137326E-6
1.2663369E-5,0.99864215,0.0013324125,1.2811333E-5
1.3725357E-6,0.99995065,4.1381492E-5,6.5948852E-6
2.6105045E-5,0.9973779,0.0025682903,2.769906E-5
1.300321E-6,0.99981207,1.7188958E-4,1.4835857E-5
3.4491227E-6,0.9992698,6.948909E-4,3.197515E-5
2.884673E-6,0.99976987,2.1749397E-4,9.819479E-6
5.221694E-6,0.9995963,3.827096E-4,1.5734848E-5
9.615823E-7,0.999858,9.527118E-5,4.5822428E-5
2.54161E-6,0.99957055,4.1948952E-4,7.555331E-6
4.9114055E-6,0.9994766,5.034774E-4,1.4996787E-5
1.0517821E-6,0.9999232,7.413102E-5,1.5549506E-6
3.2924213E-6,0.9994468,4.986598E-4,5.1207157E-5
5.563796E-6,0.9969404,0.0030164982,3.754454E-5
1.44115065E-5,0.9998877,9.468001E-5,3.2423522E-6
1.653263E-6,0.9999101,8.721387E-5,9.923111E-7
2.4089993E-6,0.9998847,1.04259794E-4,8.560001E-6
3.6955757E-6,0.9979279,0.0020354593,3.299792E-5
2.9662982E-7,0.99994075,5.6780493E-5,2.3228217E-6
1.0379416E-6,0.9997451,2.480888E-4,5.6978174E-6
1.5466252E-6,0.99970466,2.7636127E-4,1.7354409E-5
5.276939E-6,0.9998914,1.0225883E-4,1.1248084E-6
1.925341E-7,0.9999858,1.3008254E-5,9.2765066E-7
4.028847E-6,0.99956626,4.2199675E-4,7.683753E-6
3.4510883E-6,0.9995571,4.2306614E-4,1.6333854E-5
6.6393104E-6,0.99882966,0.0011505611,1.3084886E-5
2.4164882E-7,0.9999832,1.5078478E-5,1.5771313E-6
2.7025665E-6,0.99971145,2.8209516E-4,3.7177945E-6
3.8712806E-6,0.998131,0.0017920248,7.302244E-5
7.978266E-7,0.9999424,5.401192E-5,2.716013E-6
9.781204E-7,0.9999714,2.3231221E-5,4.352613E-6
1.1342536E-6,0.99995935,3.69269E-5,2.5201716E-6
1.7559779E-6,0.99972504,2.5402484E-4,1.9064331E-5
5.230302E-6,0.9996604,3.2512474E-4,9.2936425E-6
4.1693966E-6,0.9999713,2.0863608E-5,3.6666938E-6
2.719101E-6,0.99977416,2.156787E-4,7.4419395E-6
2.4711846E-6,0.9989643,0.0010297605,3.5111027E-6
3.4543602E-6,0.99989045,9.01355E-5,1.5956753E-5
3.4410853E-6,0.99977463,2.1435924E-4,7.541294E-6
1.2987964E-6,0.99971277,2.8201242E-4,3.9003357E-6
2.8772706E-6,0.9994647,5.078913E-4,2.4505829E-5
2.8658862E-5,0.99853134,0.0014343904,5.5400124E-6
2.5080306E-5,0.99969304,2.769229E-4,5.006875E-6
1.8723529E-6,0.99994826,4.7688096E-5,2.1477483E-6
9.499728E-7,0.9992586,7.0591446E-4,3.4573255E-5
8.479221E-6,0.9990723,8.99832E-4,1.9415686E-5
1.5690358E-6,0.9996959,2.9800975E-4,4.5694455E-6
2.7092452E-7,0.9999676,3.1358064E-5,8.417278E-7
2.0051068E-6,0.99990344,9.10181E-5,3.4123568E-6
1.8205111E-6,0.99989057,1.0456141E-4,3.0914707E-6
6.1402616E-6,0.9990559,9.1560255E-4,2.228593E-5
2.8442255E-7,0.9999863,1.1319699E-5,2.1270873E-6
1.455925E-5,0.9986784,0.0012698101,3.728935E-5
1.2380671E-6,0.9998884,1.01924576E-4,8.464599E-6
3.583134E-6,0.9994475,5.1778974E-4,3.1106105E-5
1.023767E-6,0.9998982,8.200445E-5,1.876357E-5
1.4914432E-6,0.99998224,1.5179041E-5,1.1048479E-6
1.010053E-6,1.6366783E-6,0.99999607,1.3115811E-6
4.0353615E-7,3.0075541E-6,0.99997497,2.1573609E-5
1.105993E-6,2.3707091E-6,0.9999738,2.2756365E-5
6.315626E-7,2.1935261E-6,0.9999814,1.5742351E-5
9.606125E-7,3.817536E-6,0.9999647,3.0557112E-5
5.229961E-7,5.3284464E-7,0.9999943,4.6906366E-6
3.9323837E-7,1.4024375E-6,0.9999752,2.3005106E-5
1.8142706E-6,7.6229003E-6,0.99997675,1.3815432E-5
8.3088344E-7,1.4572449E-6,0.9999962,1.5218612E-6
1.9333888E-7,1.6632984E-7,0.99999046,9.1384245E-6
8.068277E-7,2.8863456E-6,0.99999094,5.384418E-6
2.0653654E-6,3.5481244E-6,0.9999703,2.4123494E-5
8.832171E-7,6.071325E-6,0.999972,2.1130325E-5
1.174409E-6,2.972937E-6,0.99999,5.8779838E-6
7.141352E-7,1.0034418E-5,0.9999747,1.4537138E-5
8.293753E-7,2.904098E-6,0.9999466,4.970307E-5
3.6889963E-7,7.479777E-6,0.9999285,6.370763E-5
7.9891527E-7,8.7267665E-7,0.99999,8.391302E-6
9.791619E-7,2.650364E-6,0.9999733,2.3175724E-5
7.095096E-7,1.419973E-6,0.9999863,1.1505836E-5
4.7736785E-7,8.018543E-7,0.9999894,9.313296E-6
5.8192177E-7,3.179674E-7,0.9999924,6.663484E-6
1.5878244E-6,9.599487E-6,0.9999845,4.327753E-6
6.228631E-7,1.0847315E-6,0.9999814,1.6963122E-5
3.907244E-7,3.4586847E-6,0.99995136,4.479934E-5
7.6097754E-6,2.7557467E-6,0.99998534,4.251702E-6
4.1615726E-7,4.49145E-7,0.9999943,4.8879906E-6
8.843357E-7,1.4945789E-6,0.9999864,1.1255341E-5
4.743347E-7,5.699689E-6,0.99996674,2.7106125E-5
5.536471E-7,1.0390987E-6,0.99999046,7.931685E-6
2.4439908E-7,1.088527E-6,0.9999429,5.580215E-5
1.2224868E-6,1.857472E-6,0.99996436,3.2591022E-5
7.3500775E-7,5.656186E-7,0.999992,6.619437E-6
5.2898386E-6,9.698662E-6,0.999943,4.19221E-5
3.3947757E-7,1.0695939E-5,0.9999484,4.0529645E-5
3.1515872E-6,5.6229084E-5,0.9999038,3.68385E-5
1.6778795E-7,7.623944E-8,0.99998486,1.4906074E-5
6.570483E-7,5.5131227E-7,0.9999796,1.9241783E-5
1.027555E-6,1.3616839E-6,0.99999213,5.4798306E-6
2.1447263E-6,9.558043E-5,0.99973327,1.6896462E-4
4.6093254E-7,3.6927515E-6,0.9999813,1.459388E-5
1.9431532E-7,9.2692926E-7,0.99998415,1.484107E-5
3.267477E-7,1.0152272E-6,0.99997973,1.8933139E-5
1.0207469E-6,1.5917924E-5,0.9999527,3.0443536E-5
1.0050647E-6,5.1454826E-6,0.9999691,2.4692168E-5
7.945683E-7,4.2654983E-6,0.9999814,1.3643658E-5
1.4691713E-6,1.7544457E-5,0.9999645,1.6406078E-5
1.2037088E-6,1.6889664E-5,0.999938,4.385486E-5
3.2297206E-7,6.045703E-7,0.9999882,1.0854958E-5
4.040276E-6,2.1635738E-6,0.99997866,1.5158762E-5
4.3131885E-7,2.7747315E-6,0.9999882,8.639682E-6
5.3231474E-7,1.904588E-6,0.9999912,6.481669E-6
6.5898035E-7,4.5152444E-7,0.99998987,9.078473E-6
3.5066228E-7,2.88272E-7,0.99999154,7.839839E-6
5.248108E-8,6.206245E-8,0.99999666,3.238098E-6
1.09711756E-7,5.582728E-7,0.9999813,1.804518E-5
1.3847774E-5,1.6469656E-5,0.99995375,1.59839E-5
3.2140372E-6,8.742151E-6,0.99997413,1.392508E-5
6.450869E-7,2.4698163E-6,0.99999106,5.789289E-6
2.2107881E-6,2.6902735E-6,0.99998665,8.4450785E-6
6.433248E-6,7.740288E-6,0.9999752,1.0658661E-5
4.4191043E-7,9.290836E-7,0.999992,6.558654E-6
1.3254922E-6,1.1723538E-6,0.9999819,1.564515E-5
1.8791227E-6,2.2452534E-5,0.9999659,9.78177E-6
1.4347235E-6,6.023637E-6,0.9999808,1.1711486E-5
3.5406768E-7,1.934722E-6,0.9999629,3.4771947E-5
5.6890764E-7,2.8816887E-6,0.99998224,1.4276983E-5
1.521879E-6,6.2181102E-6,0.99997926,1.3031873E-5
4.8774286E-6,9.280677E-6,0.99997115,1.4659376E-5
3.6722932E-7,5.808597E-7,0.99998903,1.0049444E-5
6.7842547E-7,1.1057289E-6,0.99997807,2.0148249E-5
5.4915713E-6,4.2034826E-5,0.99992466,2.7806225E-5
8.203956E-7,1.2149153E-6,0.99998105,1.6968503E-5
7.9188936E-7,1.9005064E-6,0.99999356,3.7401446E-6
7.825663E-7,8.481164E-6,0.99994934,4.1339583E-5
3.9750046E-7,1.2663924E-6,0.99999213,6.223779E-6
2.143948E-7,2.0887892E-6,0.99998486,1.28428555E-5
1.5694985E-5,3.1804975E-5,0.99993575,1.6762378E-5
3.8290204E-6,1.1885605E-5,0.99996257,2.1704009E-5
9.065469E-7,3.0393664E-6,0.99997973,1.6290083E-5
7.2576915E-7,3.6648207E-6,0.9999734,2.213931E-5
1.49441885E-5,9.5786845E-6,0.9999646,1.0869308E-5
1.7149492E-7,5.97432E-7,0.9999907,8.527127E-6
2.537516E-6,1.8327257E-6,0.9999906,5.065552E-6
2.202847E-6,3.85344E-6,0.9999721,2.1811182E-5
2.7838296E-6,6.053307E-6,0.99998677,4.4446288E-6
3.0095404E-7,4.506057E-7,0.99997103,2.8253908E-5
4.068563E-7,1.4798457E-6,0.9999807,1.7400289E-5
2.7378398E-6,5.988998E-6,0.9999702,2.1158356E-5
5.5062046E-6,9.8471544E-5,0.99988496,1.1135915E-5
3.6434486E-7,3.3488109E-6,0.9999511,4.5200588E-5
2.6723487E-7,1.928923E-6,0.99992144,7.644592E-5
5.993674E-7,4.786024E-6,0.9999844,1.0307304E-5
4.5634724E-6,2.9720127E-6,0.9999709,2.1623162E-5
5.386317E-7,1.1342648E-6,0.99996924,2.9084778E-5
1.3911644E-7,3.010105E-6,0.99997306,2.3853361E-5
7.50115E-7,1.5451454E-6,0.9999919,5.8169153E-6
1.0721741E-6,4.4096282E-7,0.999995,3.413942E-6
2.448885E-7,5.6084355E-7,0.9999769,2.2310773E-5
5.077196E-7,1.8193605E-6,0.9999888,8.778966E-6
1.539297E-6,2.14326E-6,0.9999925,3.8508438E-6
4.968926E-7,3.5322892E-6,0.9999882,7.767483E-6
3.028305E-7,3.8429635E-6,0.9999677,2.8129896E-5
1.1141772E-6,5.0101867E-6,0.99996114,3.2723965E-5
5.245959E-7,1.9275712E-6,0.9999833,1.4167691E-5
6.618566E-7,3.6681915E-6,0.99997723,1.849851E-5
1.1842789E-6,1.8733706E-5,0.9999628,1.726691E-5
1.0038985E-6,2.8595985E-6,0.99999166,4.4955805E-6
7.012657E-7,1.9102124E-6,0.9999778,1.9566469E-5
6.444902E-7,4.723962E-6,0.9999794,1.5207048E-5
1.5588357E-6,4.1308795E-6,0.9999505,4.3731532E-5
1.9819217E-6,2.2143442E-6,0.99998987,5.9552394E-6
2.2243034E-6,8.756009E-6,0.99998546,3.6003814E-6
3.847817E-7,3.3621407E-6,0.99998784,8.433675E-6
5.0141957E-6,1.0193852E-5,0.9999485,3.6272697E-5
4.1099565E-7,2.1189317E-7,0.9999944,4.951768E-6
3.7089887E-6,1.057397E-5,0.9999789,6.8518143E-6
3.0145145E-7,1.1567525E-6,0.99999166,6.9642256E-6
2.3425275E-6,3.0702859E-6,0.9999895,5.1413685E-6
8.506733E-7,1.4466066E-6,0.9999933,4.4024378E-6
1.7914376E-6,4.446707E-6,0.999987,6.8297736E-6
1.0632624E-6,6.4695996E-7,0.9999875,1.0804045E-5
1.012253E-6,1.0363726E-6,0.9999927,5.2547584E-6
2.180823E-6,1.1774216E-5,0.99997175,1.432898E-5
2.558864E-6,2.6595533E-5,0.9999474,2.3330085E-5
1.6381994E-6,6.9409566E-6,0.999977,1.4366986E-5
9.4073926E-7,4.3618627E-7,0.9999852,1.3349954E-5
7.463194E-7,8.408362E-6,0.9999583,3.249387E-5
1.4384688E-6,1.2631814E-6,0.99997866,1.8647765E-5
2.9642692E-7,5.2158725E-7,0.99994886,5.028341E-5
2.4942635E-6,5.5341457E-6,0.99994934,4.2624193E-5
2.3396146E-7,2.5015318E-6,0.9999846,1.25968645E-5
1.4000057E-6,2.6789894E-7,0.9999944,3.8966673E-6
7.185886E-6,1.06014566E-4,0.9998356,5.113785E-5
3.141597E-6,7.933818E-6,0.9999857,3.2060107E-6
3.4468266E-7,1.5793647E-6,0.9999831,1.507619E-5
4.2604776E-7,1.2054425E-6,0.9999448,5.351966E-5
9.914608E-7,1.4773799E-5,0.9999567,2.7581566E-5
5.89965E-6,2.797146E-5,0.99995947,6.7199203E-6
9.407908E-8,1.1704685E-6,0.9999565,4.214366E-5
2.794778E-7,1.5015483E-7,0.9999757,2.3850056E-5
1.7904567E-6,3.4885918E-6,0.9999819,1.28670545E-5
1.6091158E-6,1.983445E-6,0.9999875,8.951565E-6
1.7199366E-7,1.076295E-6,0.99998987,8.944052E-6
2.0777456E-6,3.385126E-6,0.9999881,6.4596684E-6
6.6507637E-6,2.5976613E-5,0.99996316,4.2042757E-6
2.419324E-6,1.79989E-5,0.9999691,1.0438505E-5
6.392425E-8,4.2109852E-7,0.9999751,2.442851E-5
1.153951E-6,1.4045612E-6,0.9999758,2.1714544E-5
1.3278741E-6,3.4480295E-6,0.9999901,5.1329553E-6
1.6677693E-6,4.6985681E-7,0.9999877,1.0148138E-5
7.3719883E-7,4.6225628E-6,0.9999865,8.106663E-6
2.8202416E-7,1.3229487E-6,0.9999914,7.0234782E-6
3.2923774E-7,7.926132E-7,0.9999573,4.160443E-5
4.220253E-7,5.069812E-7,0.99999344,5.660622E-6
9.458775E-7,9.045226E-6,0.9999696,2.0376772E-5
4.1965004E-6,2.5147986E-6,0.999987,6.3364664E-6
2.6592054E-6,9.390553E-6,0.9999783,9.711193E-6
3.7991435E-7,1.0773755E-6,0.99999,8.607574E-6
9.820311E-7,2.2302368E-6,0.99997723,1.9533252E-5
2.0900857E-6,4.397905E-6,0.9999616,3.1996857E-5
8.7941186E-7,8.7030435E-7,0.99999154,6.7257783E-6
9.3322217E-7,1.215828E-5,0.99997616,1.0686978E-5
2.3078333E-6,2.8402405E-6,0.9999865,8.3628E-6
1.182448E-6,2.7703534E-6,0.99993587,6.0216862E-5
1.4710746E-7,2.686689E-6,0.99997604,2.1122854E-5
7.3878704E-7,4.0747104E-6,0.99971443,2.8080604E-4
5.833126E-7,3.9550164E-6,0.9999763,1.920465E-5
7.326506E-7,9.2525715E-6,0.99995947,3.0549436E-5
6.3367224E-7,9.1972544E-7,0.9999964,2.0453006E-6
2.9889898E-6,1.0859439E-5,0.9999802,5.9515482E-6
3.9460667E-7,1.6111494E-6,0.9999716,2.6382586E-5
4.3082497E-7,6.2295244E-6,0.9998839,1.09418186E-4
1.8025833E-6,5.6579466E-7,0.99998665,1.0940558E-5
5.357397E-6,3.207114E-5,0.99994206,2.0453583E-5
3.7665563E-6,4.9355403E-6,0.9999552,3.6073165E-5
1.3739916E-6,9.10227E-7,0.9999932,4.5652373E-6
3.917457E-6,1.755437E-6,0.9999863,7.954657E-6
4.670636E-7,2.2599909E-6,0.99991596,8.1252736E-5
1.2679563E-6,2.5056142E-6,0.9999789,1.7302578E-5
1.8596714E-6,4.7782983E-6,0.999992,1.3643588E-6
8.017172E-7,7.271793E-7,0.9999939,4.5142833E-6
1.0618779E-6,2.595875E-6,0.9999548,4.143035E-5
1.3300786E-6,1.3299822E-6,0.9999951,2.322166E-6
4.6432856E-6,6.994422E-6,0.99998283,5.5188148E-6
1.9868158E-7,2.5765652E-7,0.99999046,9.083901E-6
4.6136375E-7,1.6307812E-6,0.9999808,1.7027829E-5
1.9367519E-5,5.2269766E-5,0.9999163,1.2033884E-5
5.341128E-7,6.876918E-6,0.9999758,1.6751415E-5
1.5213319E-6,3.973496E-6,0.9999497,4.482948E-5
5.877962E-7,1.0936245E-6,0.9999887,9.647214E-6
2.5277163E-6,3.4105544E-6,0.99998736,6.661475E-6
1.0440696E-6,4.4074463E-6,0.9999467,4.7831265E-5
1.0894897E-6,7.014065E-7,0.99999154,6.6439598E-6
3.823078E-6,4.970851E-6,0.9999716,1.9604078E-5
3.811435E-6,2.7000959E-5,0.99993694,3.224874E-5
8.788669E-6,6.955818E-6,0.99996436,1.9899971E-5
7.3664296E-7,5.4852813E-7,0.99996936,2.9319663E-5
3.5487542E-6,4.02041E-6,0.99995804,3.448003E-5
1.5312643E-6,8.335898E-7,0.9999951,2.4705494E-6
6.960682E-7,2.014378E-6,0.9999924,4.9196983E-6
1.0960994E-6,1.9405827E-5,0.99992967,4.979294E-5
5.7441736E-7,1.8821688E-6,0.9999825,1.4981986E-5
4.760534E-7,1.3036581E-6,0.9999939,4.2855963E-6
2.413646E-6,6.7364226E-7,0.99999034,6.558624E-6
2.4217957E-7,1.0289904E-5,0.9999418,4.7633926E-5
1.1831864E-6,2.7273213E-6,0.99997175,2.4299705E-5
1.5455694E-6,1.1999634E-6,0.99999356,3.7493514E-6
6.6722276E-7,6.3368327E-7,0.9999833,1.543498E-5
5.010048E-7,9.137521E-7,0.99998844,1.0078231E-5
5.743183E-7,6.3807247E-6,0.99996936,2.3760278E-5
1.181522E-6,4.3764853E-6,0.9999821,1.2300522E-5
4.398993E-7,2.5503077E-6,0.99997973,1.7233771E-5
4.1459904E-7,3.3555584E-6,0.9999727,2.3428958E-5
8.3739826E-7,7.448081E-7,0.9999329,6.5587825E-5
1.5649591E-6,1.0270151E-5,0.9999696,1.85383E-5
7.3591866E-7,2.613471E-6,0.9999889,7.721491E-6
9.0293065E-7,1.6061824E-6,0.9999615,3.5998506E-5
1.4634599E-6,1.2622438E-5,0.9999776,8.304399E-6
2.6261062E-6,4.9728965E-6,0.99997485,1.7537477E-5
1.4784233E-7,2.4453823E-7,0.99998665,1.30074095E-5
2.1113516E-7,5.4368286E-7,0.9999869,1.236376E-5
7.707886E-7,4.5075894E-6,0.9998242,1.7052601E-4
3.1463042E-6,9.040075E-6,0.99997413,1.3677053E-5
4.1256564E-7,1.7241922E-6,0.99998283,1.49657835E-5
5.5445463E-7,1.8483831E-6,0.9999659,3.1705695E-5
3.4051607E-6,4.1384938E-6,0.99997056,2.198928E-5
5.142074E-7,1.1630466E-6,0.99998593,1.2380598E-5
3.480526E-7,2.149875E-6,0.9999794,1.8069393E-5
7.5439043E-6,4.867042E-6,0.99996233,2.5296533E-5
2.401693E-6,2.0486434E-5,0.99995244,2.469404E-5
1.1749604E-6,1.243408E-6,0.99997306,2.4535464E-5
4.5519627E-7,7.1245095E-6,0.9999409,5.1508436E-5
7.0895967E-6,2.7601154E-5,0.9999447,2.067365E-5
3.0627135E-7,3.4868776E-7,0.9999925,6.97321E-6
2.7258284E-6,1.6414778E-6,0.99997735,1.8272034E-5
1.6723227E-6,8.541633E-5,0.99988186,3.0985382E-5
7.935127E-8,4.4555523E-4,0.034122754,0.9654316
5.2290883E-8,3.6737416E-4,0.00472796,0.99490464
4.944943E-7,0.0026375875,0.0050650593,0.9922969
2.481318E-7,0.0025387348,0.002452444,0.9950086
7.8128437E-7,0.0027753687,0.034470838,0.96275306
9.451862E-9,2.1792353E-4,0.010415178,0.9893668
7.562894E-8,1.275196E-4,0.025523592,0.9743488
1.558641E-7,3.8549694E-4,0.0025960675,0.99701834
1.2034862E-7,4.086062E-4,0.025133057,0.9744582
1.14349035E-7,3.0978132E-4,0.010720597,0.98896945
2.950636E-7,4.2207242E-4,0.029711429,0.9698663
2.0575687E-6,0.0030956098,0.0138815865,0.9830208
1.9165289E-7,6.79233E-4,0.01065331,0.9886672
1.4268436E-7,2.3285055E-4,0.014236735,0.98553026
1.1865851E-7,2.5488535E-4,0.005396098,0.99434894
2.927484E-7,0.0014358048,0.0076105497,0.9909533
1.1256187E-7,3.433451E-4,0.014723694,0.98493284
1.7925755E-8,1.3010309E-4,0.004037157,0.99583274
8.9850516E-8,7.4486743E-4,0.022462793,0.9767923
2.2700885E-6,0.0067943535,0.06470511,0.9284983
1.3673588E-7,3.2996968E-4,0.061840065,0.9378298
2.3882293E-8,1.0818368E-4,0.003117185,0.9967746
1.14746975E-7,2.5452403E-4,0.03239492,0.9673505
8.5656964E-8,3.9517338E-4,0.021614304,0.9779904
1.2090242E-8,2.4179483E-4,0.006775192,0.992983
1.2458575E-7,6.6225586E-4,0.0070430916,0.99229455
1.0523103E-7,3.8645868E-4,0.011025705,0.98858774
4.456663E-7,0.0024993096,0.047904328,0.9495959
1.7161358E-7,5.314562E-4,0.0080500785,0.99141824
2.0744162E-7,4.5404647E-4,0.0037062028,0.9958396
1.8816175E-7,9.010905E-4,0.004067427,0.99503124
1.5251639E-7,0.0023221138,0.044056315,0.9536214
1.8221582E-8,1.1541998E-4,0.020108167,0.9797763
1.0408407E-7,1.5234004E-4,0.014828099,0.98501945
1.1694533E-7,6.839412E-4,0.007329833,0.99198616
2.5377872E-7,0.0035525681,0.0041244323,0.99232274
1.1880951E-7,8.523374E-4,0.0037515564,0.99539596
2.2243967E-6,0.0020394183,0.041772526,0.9561859
1.1311437E-6,0.0021132983,0.011560802,0.9863247
3.9072738E-8,7.0889003E-4,0.010615717,0.98867536
4.473084E-8,6.515805E-4,0.0033599914,0.9959884
3.445697E-7,0.002212185,0.007722083,0.99006534
1.7806109E-7,3.9947403E-4,0.008809852,0.9907905
3.279399E-7,0.0014018962,0.112909146,0.88568866
8.401811E-8,1.128299E-4,0.005510308,0.9943768
7.1837405E-7,4.808641E-4,0.016236976,0.98328143
5.520768E-7,0.0027924262,0.0059531154,0.9912539
1.6303859E-7,0.0010292071,0.066748686,0.9322219
8.2424776E-8,1.5625755E-4,0.0037263804,0.99611723
1.1929048E-7,0.0010937131,0.0039418177,0.99496436
4.9598606E-7,0.0018426598,0.0040911576,0.99406564
7.020365E-7,0.0025999967,0.028839083,0.9685602
1.04859E-7,4.022638E-4,0.010492774,0.9891048
3.9963592E-7,0.0031107063,0.0019915043,0.9948974
2.9586138E-7,0.0033126392,0.0026829399,0.9940042
3.631635E-7,0.0010443531,0.02945544,0.9694998
1.5022778E-7,2.9701323E-4,0.006695604,0.9930072
4.202979E-8,1.5285258E-4,0.004176144,0.99567103
2.472254E-7,0.0013360674,0.024238007,0.97442573
9.332984E-7,7.695529E-4,0.058205437,0.9410241
1.3356768E-7,2.6892085E-4,0.0013778972,0.9983531
2.7252747E-7,0.006162371,0.0034328997,0.9904045
1.5169551E-6,0.0041669193,0.00443727,0.9913942
8.855171E-7,0.0020260394,0.003656291,0.99431676
1.8018933E-7,6.6971616E-4,0.0014316533,0.99789846
3.751733E-8,2.7249602E-4,0.007918079,0.9918094
3.8844514E-6,0.0014355575,0.01642943,0.9821311
2.3777525E-7,2.8524283E-4,0.087839164,0.91187537
6.4217204E-7,0.0021407076,0.0058290437,0.99202955
1.0302462E-6,0.0019441304,0.08492498,0.91312987
2.4767948E-7,5.316064E-4,0.01085944,0.9886087
2.5569435E-7,4.60644E-4,0.03519975,0.9643394
6.9004344E-8,4.108384E-4,0.0016647598,0.9979243
7.3316116E-8,0.0020767783,0.023246495,0.9746766
1.7220877E-7,4.872753E-4,0.008562745,0.9909498
1.08340444E-7,1.2027546E-4,0.0020046206,0.997875
3.2434065E-7,0.002220466,0.0015101046,0.9962691
2.1006813E-6,0.007882076,0.009486917,0.98262894
1.2107375E-6,0.0026875546,0.008576832,0.9887344
2.8643464E-8,1.9649699E-4,0.0019174983,0.997886
4.5719804E-7,0.0019619048,0.0029938894,0.99504375
2.2875467E-7,0.007889997,0.007792407,0.9843174
1.4355735E-8,9.982781E-5,0.004285006,0.9956151
4.1016936E-8,7.363877E-5,0.005904767,0.9940216
3.1204092E-7,0.0014684169,0.020175967,0.9783553
8.1019806E-8,0.0014871075,0.01760664,0.98090625
7.683809E-8,1.4329772E-4,0.002991434,0.9968652
3.8203765E-8,1.0898036E-4,0.0057369666,0.99415404
1.2545004E-6,0.0018245451,0.016864302,0.9813099
2.0959371E-8,4.1350845E-4,0.011422169,0.9881643
4.2380293E-8,7.763492E-5,0.008096819,0.99182546
7.5361086E-8,2.9263826E-4,0.013867738,0.9858395
2.4886317E-6,0.012657271,0.030729454,0.9566108
3.7754396E-7,0.0020463383,0.009662389,0.98829085
9.294454E-8,1.5824723E-4,0.0043307585,0.99551094
6.385873E-8,2.0826104E-4,0.017944325,0.98184735
4.280514E-7,3.704102E-4,0.05058648,0.9490427
1.1239362E-8,5.513837E-4,0.005553562,0.993895
4.2194785E-8,4.1402216E-4,0.01402113,0.98556477
8.9717666E-8,2.1484817E-4,0.013621027,0.98616403
1.2586916E-7,8.1862864E-4,0.0072456687,0.9919356
2.074823E-8,4.964267E-4,0.0012334334,0.99827015
4.585164E-7,4.3574328E-4,0.0037546533,0.9958092
4.1717882E-7,9.602519E-4,0.005739493,0.99329984
8.522333E-7,0.0010289269,0.022245843,0.9767244
5.7143968E-8,8.379466E-4,0.0053754104,0.9937866
7.395153E-8,1.0644143E-4,0.0068565137,0.9930369
3.100097E-7,6.473262E-4,0.030532476,0.96881986
8.389289E-8,3.0580742E-4,0.019709922,0.9799842
5.2098125E-7,0.0011417492,0.0110815745,0.98777616
1.2474443E-7,9.7959506E-5,0.03671636,0.9631855
4.2620215E-8,1.5896636E-4,0.010957142,0.98888385
3.6486995E-8,4.3452598E-4,0.010821278,0.98874414
4.2864414E-8,2.6121258E-4,0.00246305,0.99727565
1.4305219E-7,1.3243289E-4,0.013777082,0.9860903
2.7764317E-8,1.3958101E-4,0.0036877794,0.9961726
1.9508873E-7,7.745617E-4,0.016558262,0.9826669
4.3082886E-7,0.001206487,0.005580399,0.9932127
4.1082384E-7,5.0804706E-4,0.0053322758,0.99415934
5.931976E-7,0.0015793002,0.0069562877,0.99146384
1.9186201E-7,0.0011665632,0.024349147,0.97448415
3.1050388E-7,0.0013218534,0.018525489,0.9801523
2.0824586E-8,9.6761076E-5,0.0040769284,0.9958263
2.0369857E-8,3.1057984E-4,0.0028394428,0.99684995
7.7168046E-8,6.901611E-4,0.011569951,0.98773986
1.4868189E-6,0.0022004829,0.008274139,0.98952395
1.5873616E-6,0.0015302188,0.004720878,0.99374735
7.2191415E-7,3.8462327E-4,0.03272392,0.96689075
2.3899426E-7,5.964951E-4,0.01796765,0.9814356
3.3382875E-7,3.3776078E-4,0.0036802504,0.9959817
3.3758763E-8,2.2675438E-4,0.0014184819,0.99835473
1.8050589E-6,0.0012374765,0.010068834,0.9886919
6.662698E-7,0.001974291,0.018283049,0.979742
6.9049287E-7,1.20637684E-4,0.012676888,0.9872018
3.7783302E-8,6.413439E-4,0.0073094997,0.99204916
1.8056049E-7,7.401925E-4,0.007986749,0.99127287
9.943991E-8,1.8080624E-4,0.008748991,0.99107015
1.2963666E-7,5.1681104E-4,0.003214805,0.99626833
3.5019244E-8,6.3557754E-4,0.011112983,0.9882514
1.2382435E-7,0.0013703533,0.011161744,0.98746777
3.181387E-7,7.647237E-4,0.005375987,0.993859
1.056494E-7,4.789501E-4,0.0043054237,0.99521554
4.1075702E-7,0.002686052,0.027739989,0.96957356
2.3742903E-7,2.532741E-4,0.01386235,0.98588413
1.437912E-7,2.6503924E-4,0.0020997655,0.997635
6.572221E-7,0.0012809687,0.006331104,0.9923873
2.0864077E-7,0.002660042,0.021845844,0.97549397
4.3355378E-8,2.8702873E-4,0.0114543615,0.9882586
3.3330895E-8,1.5796545E-4,0.009740897,0.9901011
2.008685E-6,0.004748598,0.015720962,0.9795284
2.3004725E-7,0.0023191173,0.062255956,0.9354247
1.4722816E-7,5.4459966E-4,0.004458102,0.99499714
1.8803027E-8,1.4123543E-4,0.0012220985,0.99863666
1.0077067E-6,0.0026690245,0.00987792,0.9874521
5.1484E-8,0.00137508,0.004010854,0.99461395
9.559461E-8,5.5437203E-4,0.03926388,0.96018165
7.730018E-8,1.14230126E-4,0.022509502,0.9773762
3.499382E-6,0.0076161437,0.08236119,0.9100192
6.779012E-8,0.0010177329,0.007294192,0.9916881
2.5760224E-8,9.6980046E-5,0.023515383,0.9763876
1.8686968E-8,9.8502256E-5,0.031315662,0.96858585
1.8387382E-6,0.007206219,0.03413378,0.95865816
3.1853048E-8,5.539585E-4,0.0034225832,0.9960234
5.8987016E-8,1.9057239E-4,0.014525942,0.9852835
4.844981E-8,4.8723893E-4,0.011229305,0.9882834
6.3748685E-6,0.0030168411,0.058107357,0.9388695
5.1919315E-8,6.910871E-4,0.0024549605,0.9968539
7.4690826E-7,4.4641274E-4,0.022349564,0.97720325
4.7566903E-8,2.58107E-4,0.009254784,0.99048704
2.416692E-6,0.0042601214,0.013263724,0.9824737
2.3128642E-8,3.0118067E-4,0.0037197536,0.9959791
8.1899536E-8,1.4023017E-4,0.0042166864,0.995643
1.1196918E-7,1.8636012E-4,0.03331162,0.9665019
9.287278E-8,2.0173244E-4,0.0021239035,0.9976743
2.2807358E-8,2.5283662E-4,0.011588628,0.9881585
3.960836E-7,6.798985E-4,0.08741844,0.91190124
2.7411141E-7,5.35814E-4,0.019934272,0.9795297
9.4926484E-8,4.3519828E-4,0.0014253824,0.99813926
9.2770094E-8,0.0014987014,0.0031894273,0.99531174
1.01025435E-7,3.3601446E-4,0.022838615,0.97682524
4.7420453E-8,9.3678704E-5,0.007938249,0.991968
3.974127E-8,2.2984478E-4,0.005823953,0.99394614
7.8494946E-7,0.0051710694,0.0042040413,0.9906241
9.0619574E-7,7.0292386E-4,0.010599127,0.98869705
8.2457E-9,9.762344E-5,8.3549664E-4,0.9990669
1.2643989E-7,2.743134E-4,0.018138802,0.98158675
2.6990115E-8,1.8384626E-4,0.0023475434,0.9974686
5.413991E-7,1.9707436E-4,0.01565281,0.98414963
6.5814745E-9,1.5302535E-4,0.0060253437,0.9938216
7.8864055E-8,3.9539937E-4,0.008414654,0.99118984
1.3065824E-6,0.003050834,0.007763706,0.98918414
4.913315E-6,6.1880075E-4,0.010809294,0.988567
4.4529536E-8,7.621718E-5,0.0046775215,0.99524623
3.6272175E-7,6.6102296E-4,0.011454347,0.9878842
5.390072E-7,6.9175556E-4,0.014843587,0.9844641
7.310459E-8,1.3631652E-4,0.0021851182,0.99767846
2.5445681E-8,2.136634E-4,0.0052479925,0.99453825
4.465561E-7,3.8135532E-4,0.017109761,0.9825084
3.275571E-7,0.0013329996,0.0046615875,0.99400514
1.9621682E-7,2.5863908E-4,0.004665777,0.9950754
1.08627134E-7,4.376019E-4,0.0019164737,0.9976458
5.040905E-6,0.0047885566,0.0015427421,0.99366367
4.3506967E-7,3.8537485E-4,0.008704279,0.9909099
2.0564245E-7,4.7666408E-4,0.0030100797,0.99651307
4.618027E-8,1.00249345E-4,0.0060647423,0.993835
8.053869E-6,0.002925581,0.026275558,0.9707908
3.2669152E-7,9.388983E-4,0.0017432682,0.9973175
1.5047111E-7,8.840108E-4,0.002660256,0.99645567
8.919373E-7,9.770661E-4,0.008628053,0.99039394
3.837352E-6,0.0058218883,0.0047344486,0.9894398
1.5438005E-7,0.0010662128,0.009882571,0.9890511
9.2289795E-8,4.9530744E-4,0.008437046,0.9910676
3.55231E-8,1.01400765E-4,0.0183577,0.9815408
3.7006828E-7,1.058397E-4,0.0017464276,0.99814737
7.956386E-8,2.6611672E-4,0.008313655,0.99142015
7.106737E-7,0.002686764,0.0063640447,0.9909485
5.9632754E-8,3.5330263E-4,0.0071651475,0.99248147
3.2029908E-7,5.124082E-4,0.0021051816,0.9973821
5.9590593E-7,4.5910012E-4,0.0037615094,0.9957788
2.5286251E-8,4.6514484E-4,0.0020809323,0.99745387
5.306011E-7,0.0010398513,0.015619601,0.98334
1.8733527E-7,5.954431E-4,0.0016780638,0.99772626
2.980834E-7,5.0761993E-4,0.019686628,0.9798054
1.5078191E-7,3.6142205E-4,0.021171352,0.9784671
5.2151982E-8,9.487408E-5,0.031630527,0.9682746
5.6191492E-8,1.4823525E-4,0.0026806123,0.9971711
1.4851973E-6,0.002253529,0.12992784,0.86781716
3.1109841E-9,1.6150453E-4,0.0055852733,0.9942532
2.549989E-7,7.931558E-4,0.008396483,0.99081016
1.4095689E-6,4.9590546E-4,0.0035851984,0.9959175
2.4516462E-6,0.0014676094,0.035545427,0.9629845
1.3063412E-8,1.9238652E-4,0.0012433372,0.9985643
1.11738416E-7,4.2438455E-4,0.0026115421,0.9969639
7.7841344E-7,7.8055996E-4,0.0020284937,0.9971902
1.0583325E-6,0.0024645121,0.007743879,0.9897906
3.8289002E-8,3.1366068E-4,0.0033845208,0.9963018
2.101284E-8,1.5381772E-4,0.005463731,0.9943824
5.074048E-8,1.6343317E-4,0.0022052247,0.9976313
4.1163173E-7,0.0013948324,0.034390796,0.9642139