,ts_code,symbol,name,area,industry,list_date
0,600000.SH,600000,浦发银行,上海,银行,19991110
1,600004.SH,600004,白云机场,广东,机场,20030428
2,600006.SH,600006,东风汽车,湖北,汽车整车,19990727
3,600007.SH,600007,中国国贸,北京,园区开发,19990312
4,600008.SH,600008,首创股份,北京,环境保护,20000427
5,600009.SH,600009,上海机场,上海,机场,19980218
6,600010.SH,600010,包钢股份,内蒙,普钢,20010309
7,600011.SH,600011,华能国际,北京,火力发电,20011206
8,600012.SH,600012,皖通高速,安徽,路桥,20030107
9,600015.SH,600015,华夏银行,北京,银行,20030912
10,600016.SH,600016,民生银行,北京,银行,20001219
11,600017.SH,600017,日照港,山东,港口,20061017
12,600018.SH,600018,上港集团,上海,港口,20061026
13,600019.SH,600019,宝钢股份,上海,普钢,20001212
14,600020.SH,600020,中原高速,河南,路桥,20030808
15,600021.SH,600021,上海电力,上海,火力发电,20031029
16,600022.SH,600022,山东钢铁,山东,普钢,20040629
17,600023.SH,600023,浙能电力,浙江,火力发电,20131219
18,600025.SH,600025,华能水电,云南,水力发电,20171215
19,600026.SH,600026,中远海能,上海,水运,20020523
20,600027.SH,600027,华电国际,山东,火力发电,20050203
21,600028.SH,600028,中国石化,北京,石油加工,20010808
22,600029.SH,600029,南方航空,广东,空运,20030725
23,600030.SH,600030,中信证券,深圳,证券,20030106
24,600031.SH,600031,三一重工,北京,工程机械,20030703
25,600033.SH,600033,福建高速,福建,路桥,20010209
26,600035.SH,600035,楚天高速,湖北,路桥,20040310
27,600036.SH,600036,招商银行,深圳,银行,20020409
28,600037.SH,600037,歌华有线,北京,影视音像,20010208
29,600038.SH,600038,中直股份,黑龙江,航空,20001218
30,600039.SH,600039,四川路桥,四川,建筑工程,20030325
31,600048.SH,600048,保利地产,广东,全国地产,20060731
32,600050.SH,600050,中国联通,北京,电信运营,20021009
33,600051.SH,600051,宁波联合,浙江,综合类,19970410
34,600052.SH,600052,浙江广厦,浙江,影视音像,19970415
35,600053.SH,600053,九鼎投资,江西,多元金融,19970418
36,600054.SH,600054,黄山旅游,安徽,旅游景点,19970506
37,600055.SH,600055,万东医疗,北京,医疗保健,19970519
38,600056.SH,600056,中国医药,北京,医药商业,19970515
39,600057.SH,600057,厦门象屿,福建,仓储物流,19970604
40,600058.SH,600058,五矿发展,北京,商贸代理,19970528
41,600059.SH,600059,古越龙山,浙江,红黄酒,19970516
42,600060.SH,600060,海信视像,山东,家用电器,19970422
43,600061.SH,600061,国投资本,上海,证券,19970519
44,600062.SH,600062,华润双鹤,北京,化学制药,19970522
45,600063.SH,600063,皖维高新,安徽,化纤,19970528
46,600064.SH,600064,南京高科,江苏,园区开发,19970506
47,600066.SH,600066,宇通客车,河南,汽车整车,19970508
48,600067.SH,600067,冠城大通,福建,全国地产,19970508
49,600068.SH,600068,葛洲坝,湖北,建筑工程,19970526
50,600070.SH,600070,浙江富润,浙江,互联网,19970604
51,600071.SH,600071,凤凰光学,江西,元器件,19970528
52,600072.SH,600072,中船科技,上海,船舶,19970603
53,600073.SH,600073,上海梅林,上海,食品,19970704
54,600075.SH,600075,新疆天业,新疆,化工原料,19970617
55,600076.SH,600076,康欣新材,山东,其他建材,19970526
56,600077.SH,600077,宋都股份,浙江,全国地产,19970520
57,600078.SH,600078,澄星股份,江苏,化工原料,19970627
58,600079.SH,600079,人福医药,湖北,化学制药,19970606
59,600080.SH,600080,ST金花,陕西,中成药,19970612
60,600081.SH,600081,东风科技,上海,汽车配件,19970703
61,600082.SH,600082,海泰发展,天津,园区开发,19970620
62,600083.SH,600083,*ST博信,江苏,综合类,19970606
63,600084.SH,600084,ST中葡,新疆,红黄酒,19970711
64,600085.SH,600085,同仁堂,北京,中成药,19970625
65,600086.SH,600086,退金钰,,,19970606
66,600088.SH,600088,中视传媒,上海,影视音像,19970616
67,600089.SH,600089,特变电工,新疆,电气设备,19970618
68,600090.SH,600090,*ST济堂,新疆,医药商业,19970616
69,600091.SH,600091,ST明科,内蒙,化工原料,19970704
70,600093.SH,600093,易见股份,云南,仓储物流,19970626
71,600094.SH,600094,大名城,上海,区域地产,19970703
72,600095.SH,600095,湘财股份,黑龙江,证券,19970708
73,600096.SH,600096,云天化,云南,农药化肥,19970709
74,600097.SH,600097,开创国际,上海,渔业,19970619
75,600098.SH,600098,广州发展,广东,火力发电,19970718
76,600099.SH,600099,林海股份,江苏,摩托车,19970704
77,600100.SH,600100,同方股份,北京,IT设备,19970627
78,600101.SH,600101,明星电力,四川,水力发电,19970627
79,600103.SH,600103,青山纸业,福建,造纸,19970703
80,600104.SH,600104,上汽集团,上海,汽车整车,19971125
81,600105.SH,600105,永鼎股份,江苏,通信设备,19970929
82,600106.SH,600106,重庆路桥,重庆,路桥,19970618
83,600107.SH,600107,美尔雅,湖北,服饰,19971106
84,600108.SH,600108,亚盛集团,甘肃,农业综合,19970818
85,600109.SH,600109,国金证券,四川,证券,19970807
86,600110.SH,600110,诺德股份,吉林,电气设备,19971007
87,600111.SH,600111,北方稀土,内蒙,小金属,19970924
88,600112.SH,600112,ST天成,贵州,电气设备,19971127
89,600113.SH,600113,浙江东日,浙江,区域地产,19971021
90,600114.SH,600114,东睦股份,浙江,机械基件,20040511
91,600115.SH,600115,东方航空,上海,空运,19971105
92,600116.SH,600116,三峡水利,重庆,水力发电,19970804
93,600117.SH,600117,西宁特钢,青海,特种钢,19971015
94,600118.SH,600118,中国卫星,北京,航空,19970908
95,600119.SH,600119,ST长投,上海,仓储物流,19980115
96,600120.SH,600120,浙江东方,浙江,多元金融,19971201
97,600121.SH,600121,郑州煤电,河南,煤炭开采,19980107
98,600122.SH,600122,*ST宏图,江苏,其他商业,19980420
99,600123.SH,600123,兰花科创,山西,煤炭开采,19981217
100,600125.SH,600125,铁龙物流,辽宁,铁路,19980511
101,600126.SH,600126,杭钢股份,浙江,普钢,19980311
102,600127.SH,600127,金健米业,湖南,农业综合,19980506
103,600128.SH,600128,弘业股份,江苏,商贸代理,19970901
104,600129.SH,600129,太极集团,重庆,中成药,19971118
105,600130.SH,600130,波导股份,浙江,通信设备,20000706
106,600131.SH,600131,国网信通,四川,通信设备,19980402
107,600132.SH,600132,重庆啤酒,重庆,啤酒,19971030
108,600133.SH,600133,东湖高新,湖北,园区开发,19980212
109,600135.SH,600135,乐凯胶片,河北,化工原料,19980122
110,600136.SH,600136,当代文体,湖北,影视音像,19980303
111,600137.SH,600137,浪莎股份,四川,服饰,19980416
112,600138.SH,600138,中青旅,北京,旅游服务,19971203
113,600139.SH,600139,西部资源,四川,综合类,19980225
114,600141.SH,600141,兴发集团,湖北,化工原料,19990616
115,600143.SH,600143,金发科技,广东,塑料,20040623
116,600145.SH,600145,*ST新亿,新疆,陶瓷,19990923
117,600146.SH,600146,*ST环球,宁夏,服饰,19990707
118,600148.SH,600148,长春一东,吉林,汽车配件,19980520
119,600149.SH,600149,ST坊展,河北,综合类,19991014
120,600150.SH,600150,中国船舶,上海,船舶,19980520
121,600151.SH,600151,航天机电,上海,汽车配件,19980605
122,600152.SH,600152,维科技术,浙江,电气设备,19980609
123,600153.SH,600153,建发股份,福建,商贸代理,19980616
124,600155.SH,600155,华创阳安,北京,证券,19980918
125,600156.SH,600156,华升股份,湖南,纺织,19980527
126,600157.SH,600157,ST永泰,山西,火力发电,19980513
127,600158.SH,600158,中体产业,天津,文教休闲,19980327
128,600159.SH,600159,大龙地产,北京,区域地产,19980526
129,600160.SH,600160,巨化股份,浙江,化工原料,19980626
130,600161.SH,600161,天坛生物,北京,生物制药,19980616
131,600162.SH,600162,香江控股,深圳,全国地产,19980609
132,600163.SH,600163,中闽能源,福建,新型电力,19980602
133,600165.SH,600165,新日恒力,宁夏,化工原料,19980529
134,600166.SH,600166,福田汽车,北京,汽车整车,19980602
135,600167.SH,600167,联美控股,辽宁,供气供热,19990128
136,600168.SH,600168,武汉控股,湖北,水务,19980427
137,600169.SH,600169,太原重工,山西,工程机械,19980904
138,600170.SH,600170,上海建工,上海,建筑工程,19980623
139,600171.SH,600171,上海贝岭,上海,半导体,19980924
140,600172.SH,600172,黄河旋风,河南,矿物制品,19981126
141,600173.SH,600173,卧龙地产,浙江,全国地产,19990415
142,600176.SH,600176,中国巨石,浙江,玻璃,19990422
143,600177.SH,600177,雅戈尔,浙江,服饰,19981119
144,600178.SH,600178,东安动力,黑龙江,汽车配件,19981014
145,600179.SH,600179,*ST安通,黑龙江,仓储物流,19981104
146,600180.SH,600180,瑞茂通,山东,仓储物流,19980703
147,600182.SH,600182,S佳通,黑龙江,汽车配件,19990507
148,600183.SH,600183,生益科技,广东,元器件,19981028
149,600184.SH,600184,光电股份,湖北,专用机械,20031106
150,600185.SH,600185,格力地产,广东,区域地产,19990611
151,600186.SH,600186,莲花健康,河南,食品,19980825
152,600187.SH,600187,国中水务,黑龙江,水务,19981111
153,600188.SH,600188,兖州煤业,山东,煤炭开采,19980701
154,600189.SH,600189,泉阳泉,吉林,软饮料,19981007
155,600190.SH,600190,锦州港,辽宁,港口,19990609
156,600191.SH,600191,华资实业,内蒙,食品,19981210
157,600192.SH,600192,长城电工,甘肃,电气设备,19981224
158,600193.SH,600193,ST创兴,上海,装修装饰,19990527
159,600195.SH,600195,中牧股份,北京,饲料,19990107
160,600196.SH,600196,复星医药,上海,化学制药,19980807
161,600197.SH,600197,伊力特,新疆,白酒,19990916
162,600198.SH,600198,大唐电信,北京,通信设备,19981021
163,600199.SH,600199,金种子酒,安徽,白酒,19980812
164,600200.SH,600200,江苏吴中,江苏,化学制药,19990401
165,600201.SH,600201,生物股份,内蒙,农业综合,19990115
166,600202.SH,600202,哈空调,黑龙江,电气设备,19990603
167,600203.SH,600203,福日电子,福建,元器件,19990514
168,600206.SH,600206,有研新材,北京,半导体,19990319
169,600207.SH,600207,安彩高科,河南,供气供热,19990714
170,600208.SH,600208,新湖中宝,浙江,全国地产,19990623
171,600209.SH,600209,ST罗顿,海南,综合类,19990325
172,600210.SH,600210,紫江企业,上海,广告包装,19990824
173,600211.SH,600211,西藏药业,西藏,中成药,19990721
174,600212.SH,600212,*ST江泉,山东,综合类,19990817
175,600213.SH,600213,亚星客车,江苏,汽车整车,19990831
176,600215.SH,600215,*ST经开,吉林,园区开发,19990909
177,600216.SH,600216,浙江医药,浙江,化学制药,19991021
178,600217.SH,600217,中再资环,陕西,环境保护,19991216
179,600218.SH,600218,全柴动力,安徽,农用机械,19981203
180,600219.SH,600219,南山铝业,山东,铝,19991223
181,600220.SH,600220,江苏阳光,江苏,纺织,19990927
182,600221.SH,600221,*ST海航,海南,空运,19991125
183,600222.SH,600222,太龙药业,河南,中成药,19991105
184,600223.SH,600223,鲁商发展,山东,区域地产,20000113
185,600225.SH,600225,*ST松江,天津,区域地产,20000127
186,600226.SH,600226,*ST瀚叶,浙江,互联网,19991116
187,600227.SH,600227,圣济堂,贵州,化学制药,20000221
188,600228.SH,600228,ST昌九,江西,化工原料,19990119
189,600229.SH,600229,城市传媒,山东,出版业,20000309
190,600230.SH,600230,沧州大化,河北,农药化肥,20000406
191,600231.SH,600231,凌钢股份,辽宁,普钢,20000511
192,600232.SH,600232,金鹰股份,浙江,纺织,20000602
193,600233.SH,600233,圆通速递,辽宁,仓储物流,20000608
194,600234.SH,600234,ST山水,山西,综合类,20000615
195,600235.SH,600235,民丰特纸,浙江,造纸,20000615
196,600236.SH,600236,桂冠电力,广西,水力发电,20000323
197,600237.SH,600237,铜峰电子,安徽,元器件,20000609
198,600238.SH,600238,ST椰岛,海南,红黄酒,20000120
199,600239.SH,600239,云南城投,云南,区域地产,19991202
200,600241.SH,600241,*ST时万,辽宁,商贸代理,20001128
201,600242.SH,600242,*ST中昌,广东,软件服务,20001207
202,600243.SH,600243,*ST海华,青海,机床制造,20001120
203,600246.SH,600246,万通发展,北京,区域地产,20000922
204,600247.SH,600247,*ST成城,吉林,商贸代理,20001123
205,600248.SH,600248,陕西建工,陕西,建筑工程,20000622
206,600249.SH,600249,两面针,广西,日用化工,20040130
207,600250.SH,600250,南纺股份,江苏,商贸代理,20010306
208,600251.SH,600251,冠农股份,新疆,农业综合,20030609
209,600252.SH,600252,中恒集团,广西,中成药,20001130
210,600255.SH,600255,*ST鑫科,安徽,铜,20001122
211,600256.SH,600256,广汇能源,新疆,石油开采,20000526
212,600257.SH,600257,大湖股份,湖南,渔业,20000612
213,600258.SH,600258,首旅酒店,北京,酒店餐饮,20000601
214,600259.SH,600259,广晟有色,海南,小金属,20000525
215,600260.SH,600260,凯乐科技,湖北,通信设备,20000706
216,600261.SH,600261,阳光照明,浙江,家用电器,20000720
217,600262.SH,600262,北方股份,内蒙,汽车整车,20000630
218,600265.SH,600265,ST景谷,云南,林业,20000825
219,600266.SH,600266,城建发展,北京,区域地产,19990203
220,600267.SH,600267,海正药业,浙江,化学制药,20000725
221,600268.SH,600268,国电南自,江苏,电气设备,19991118
222,600269.SH,600269,赣粤高速,江西,路桥,20000518
223,600271.SH,600271,航天信息,北京,IT设备,20030711
224,600272.SH,600272,开开实业,上海,医药商业,20010228
225,600273.SH,600273,嘉化能源,浙江,化工原料,20030627
226,600275.SH,600275,ST昌鱼,湖北,农业综合,20000810
227,600276.SH,600276,恒瑞医药,江苏,化学制药,20001018
228,600277.SH,600277,亿利洁能,内蒙,化工原料,20000725
229,600278.SH,600278,东方创业,上海,商贸代理,20000712
230,600279.SH,600279,重庆港九,重庆,港口,20000731
231,600280.SH,600280,*ST中商,江苏,百货,20000926
232,600281.SH,600281,太化股份,山西,综合类,20001109
233,600282.SH,600282,南钢股份,江苏,普钢,20000919
234,600283.SH,600283,钱江水利,浙江,水务,20001018
235,600284.SH,600284,浦东建设,上海,建筑工程,20040316
236,600285.SH,600285,羚锐制药,河南,中成药,20001018
237,600287.SH,600287,江苏舜天,江苏,商贸代理,20000901
238,600288.SH,600288,大恒科技,北京,软件服务,20001129
239,600289.SH,600289,*ST信通,黑龙江,软件服务,20000720
240,600290.SH,600290,*ST华仪,浙江,电气设备,20001106
241,600291.SH,600291,西水股份,内蒙,保险,20000731
242,600292.SH,600292,远达环保,重庆,环境保护,20001101
243,600293.SH,600293,三峡新材,湖北,互联网,20000919
244,600295.SH,600295,鄂尔多斯,内蒙,小金属,20010426
245,600297.SH,600297,广汇汽车,辽宁,汽车服务,20001116
246,600298.SH,600298,安琪酵母,湖北,食品,20000818
247,600299.SH,600299,安迪苏,北京,化学制药,20000420
248,600300.SH,600300,维维股份,江苏,软饮料,20000630
249,600301.SH,600301,ST南化,广西,商贸代理,20000712
250,600302.SH,600302,标准股份,陕西,纺织机械,20001213
251,600303.SH,600303,曙光股份,辽宁,汽车整车,20001226
252,600305.SH,600305,恒顺醋业,江苏,食品,20010206
253,600306.SH,600306,*ST商城,辽宁,百货,20001226
254,600307.SH,600307,酒钢宏兴,甘肃,普钢,20001220
255,600308.SH,600308,华泰股份,山东,造纸,20000928
256,600309.SH,600309,万华化学,山东,化工原料,20010105
257,600310.SH,600310,桂东电力,广西,水力发电,20010228
258,600311.SH,600311,*ST荣华,甘肃,黄金,20010626
259,600312.SH,600312,平高电气,河南,电气设备,20010221
260,600313.SH,600313,农发种业,北京,种植业,20010119
261,600315.SH,600315,上海家化,上海,日用化工,20010315
262,600316.SH,600316,洪都航空,江西,航空,20001215
263,600318.SH,600318,新力金融,安徽,多元金融,20001208
264,600319.SH,600319,ST亚星,山东,化工原料,20010326
265,600320.SH,600320,振华重工,上海,工程机械,20001221
266,600321.SH,600321,正源股份,四川,其他建材,20010524
267,600322.SH,600322,天房发展,天津,区域地产,20010910
268,600323.SH,600323,瀚蓝环境,广东,水务,20001225
269,600325.SH,600325,华发股份,广东,区域地产,20040225
270,600326.SH,600326,西藏天路,西藏,水泥,20010116
271,600327.SH,600327,大东方,江苏,汽车服务,20020625
272,600328.SH,600328,中盐化工,内蒙,化工原料,20001222
273,600329.SH,600329,中新药业,天津,中成药,20010606
274,600330.SH,600330,天通股份,浙江,元器件,20010118
275,600331.SH,600331,宏达股份,四川,铅锌,20011220
276,600332.SH,600332,白云山,广东,中成药,20010206
277,600333.SH,600333,长春燃气,吉林,供气供热,20001211
278,600335.SH,600335,国机汽车,天津,汽车配件,20010305
279,600336.SH,600336,澳柯玛,山东,家用电器,20001229
280,600337.SH,600337,美克家居,新疆,家居用品,20001127
281,600338.SH,600338,西藏珠峰,西藏,铅锌,20001227
282,600339.SH,600339,中油工程,新疆,石油加工,20001225
283,600340.SH,600340,华夏幸福,河北,区域地产,20031230
284,600343.SH,600343,航天动力,陕西,航空,20030408
285,600345.SH,600345,长江通信,湖北,通信设备,20001222
286,600346.SH,600346,恒力石化,辽宁,化纤,20010820
287,600348.SH,600348,华阳股份,山西,煤炭开采,20030821
288,600350.SH,600350,山东高速,山东,路桥,20020318
289,600351.SH,600351,亚宝药业,山西,中成药,20020926
290,600352.SH,600352,浙江龙盛,浙江,染料涂料,20030801
291,600353.SH,600353,旭光电子,四川,元器件,20021120
292,600354.SH,600354,*ST敦种,甘肃,种植业,20040115
293,600355.SH,600355,精伦电子,湖北,元器件,20020613
294,600356.SH,600356,恒丰纸业,黑龙江,造纸,20010419
295,600358.SH,600358,*ST联合,江苏,旅游服务,20000922
296,600359.SH,600359,新农开发,新疆,农业综合,19990429
297,600360.SH,600360,华微电子,吉林,半导体,20010316
298,600361.SH,600361,华联综超,北京,超市连锁,20011129
299,600362.SH,600362,江西铜业,江西,铜,20020111
300,600363.SH,600363,联创光电,江西,元器件,20010329
301,600365.SH,600365,ST通葡,吉林,红黄酒,20010115
302,600366.SH,600366,宁波韵升,浙江,矿物制品,20001030
303,600367.SH,600367,红星发展,贵州,化工原料,20010320
304,600368.SH,600368,五洲交通,广西,路桥,20001221
305,600369.SH,600369,西南证券,重庆,证券,20010109
306,600370.SH,600370,三房巷,江苏,化工原料,20030306
307,600371.SH,600371,万向德农,黑龙江,种植业,20020916
308,600372.SH,600372,中航电子,北京,航空,20010706
309,600373.SH,600373,中文传媒,江西,出版业,20020304
310,600375.SH,600375,汉马科技,安徽,汽车整车,20030401
311,600376.SH,600376,首开股份,北京,区域地产,20010312
312,600377.SH,600377,宁沪高速,江苏,路桥,20010116
313,600378.SH,600378,昊华科技,四川,化工原料,20010111
314,600379.SH,600379,宝光股份,陕西,电气设备,20020116
315,600380.SH,600380,健康元,深圳,化学制药,20010608
316,600381.SH,600381,青海春天,青海,医疗保健,20010508
317,600382.SH,600382,广东明珠,广东,商贸代理,20010118
318,600383.SH,600383,金地集团,深圳,全国地产,20010412
319,600385.SH,600385,ST金泰,山东,黄金,20010723
320,600386.SH,600386,北巴传媒,北京,汽车服务,20010216
321,600387.SH,600387,海越能源,浙江,石油贸易,20040218
322,600388.SH,600388,龙净环保,福建,环境保护,20001229
323,600389.SH,600389,江山股份,江苏,农药化肥,20010110
324,600390.SH,600390,五矿资本,湖南,多元金融,20010115
325,600391.SH,600391,航发科技,四川,航空,20011212
326,600392.SH,600392,盛和资源,四川,小金属,20030529
327,600393.SH,600393,粤泰股份,广东,全国地产,20010319
328,600395.SH,600395,盘江股份,贵州,煤炭开采,20010531
329,600396.SH,600396,金山股份,辽宁,火力发电,20010328
330,600397.SH,600397,安源煤业,江西,煤炭开采,20020702
331,600398.SH,600398,海澜之家,江苏,服饰,20001228
332,600399.SH,600399,ST抚钢,辽宁,特种钢,20001229
333,600400.SH,600400,红豆股份,江苏,服饰,20010108
334,600403.SH,600403,大有能源,河南,煤炭开采,20031009
335,600405.SH,600405,动力源,北京,电气设备,20040401
336,600406.SH,600406,国电南瑞,江苏,电气设备,20031016
337,600408.SH,600408,ST安泰,山西,焦炭加工,20030212
338,600409.SH,600409,三友化工,河北,化工原料,20030618
339,600410.SH,600410,华胜天成,北京,软件服务,20040427
340,600415.SH,600415,小商品城,浙江,商品城,20020509
341,600416.SH,600416,*ST湘电,湖南,电气设备,20020718
342,600418.SH,600418,江淮汽车,安徽,汽车整车,20010824
343,600419.SH,600419,天润乳业,新疆,乳制品,20010628
344,600420.SH,600420,现代制药,上海,化学制药,20040616
345,600421.SH,600421,ST华嵘,湖北,综合类,20040607
346,600422.SH,600422,昆药集团,云南,中成药,20001206
347,600423.SH,600423,ST柳化,广西,农药化肥,20030717
348,600425.SH,600425,青松建化,新疆,水泥,20030724
349,600426.SH,600426,华鲁恒升,山东,农药化肥,20020620
350,600428.SH,600428,中远海特,广东,水运,20020418
351,600429.SH,600429,三元股份,北京,乳制品,20030915
352,600433.SH,600433,冠豪高新,广东,造纸,20030619
353,600435.SH,600435,北方导航,北京,专用机械,20030704
354,600436.SH,600436,片仔癀,福建,中成药,20030616
355,600438.SH,600438,通威股份,四川,饲料,20040302
356,600439.SH,600439,瑞贝卡,河南,服饰,20030710
357,600444.SH,600444,国机通用,安徽,专用机械,20040219
358,600446.SH,600446,金证股份,深圳,软件服务,20031224
359,600448.SH,600448,华纺股份,山东,纺织,20010903
360,600449.SH,600449,宁夏建材,宁夏,水泥,20030829
361,600452.SH,600452,涪陵电力,重庆,水力发电,20040303
362,600455.SH,600455,博通股份,陕西,文教休闲,20040329
363,600456.SH,600456,宝钛股份,陕西,小金属,20020412
364,600458.SH,600458,时代新材,湖南,塑料,20021219
365,600459.SH,600459,贵研铂业,云南,小金属,20030516
366,600460.SH,600460,士兰微,浙江,半导体,20030311
367,600461.SH,600461,洪城水业,江西,水务,20040601
368,600462.SH,600462,*ST九有,深圳,广告包装,20030903
369,600463.SH,600463,空港股份,北京,园区开发,20040318
370,600466.SH,600466,蓝光发展,四川,区域地产,20010212
371,600467.SH,600467,好当家,山东,渔业,20040405
372,600468.SH,600468,百利电气,天津,电气设备,20010615
373,600469.SH,600469,风神股份,河南,汽车配件,20031021
374,600470.SH,600470,*ST六化,安徽,农药化肥,20040305
375,600475.SH,600475,华光环能,江苏,环境保护,20030721
376,600476.SH,600476,湘邮科技,湖南,软件服务,20031210
377,600477.SH,600477,杭萧钢构,浙江,钢加工,20031110
378,600478.SH,600478,科力远,湖南,元器件,20030918
379,600479.SH,600479,千金药业,湖南,中成药,20040312
380,600480.SH,600480,凌云股份,河北,汽车配件,20030815
381,600481.SH,600481,双良节能,江苏,环境保护,20030422
382,600482.SH,600482,中国动力,河北,电气设备,20040714
383,600483.SH,600483,福能股份,福建,火力发电,20040531
384,600486.SH,600486,扬农化工,江苏,农药化肥,20020425
385,600487.SH,600487,亨通光电,江苏,通信设备,20030822
386,600488.SH,600488,天药股份,天津,化学制药,20010618
387,600489.SH,600489,中金黄金,北京,黄金,20030814
388,600490.SH,600490,鹏欣资源,上海,铜,20030626
389,600491.SH,600491,龙元建设,浙江,建筑工程,20040524
390,600493.SH,600493,凤竹纺织,福建,纺织,20040421
391,600495.SH,600495,晋西车轴,山西,运输设备,20040526
392,600496.SH,600496,精工钢构,安徽,钢加工,20020605
393,600497.SH,600497,驰宏锌锗,云南,铅锌,20040420
394,600498.SH,600498,烽火通信,湖北,通信设备,20010823
395,600499.SH,600499,科达制造,广东,专用机械,20021010
396,600500.SH,600500,中化国际,上海,商贸代理,20000301
397,600501.SH,600501,航天晨光,江苏,汽车配件,20010615
398,600502.SH,600502,安徽建工,安徽,建筑工程,20030415
399,600503.SH,600503,华丽家族,上海,区域地产,20020709
400,600505.SH,600505,西昌电力,四川,水力发电,20020530
401,600506.SH,600506,香梨股份,新疆,种植业,20011226
402,600507.SH,600507,方大特钢,江西,特种钢,20030930
403,600508.SH,600508,上海能源,上海,煤炭开采,20010829
404,600509.SH,600509,天富能源,新疆,火力发电,20020228
405,600510.SH,600510,黑牡丹,江苏,全国地产,20020618
406,600511.SH,600511,国药股份,北京,医药商业,20021127
407,600512.SH,600512,腾达建设,浙江,建筑工程,20021226
408,600513.SH,600513,联环药业,江苏,化学制药,20030319
409,600515.SH,600515,*ST基础,海南,全国地产,20020806
410,600516.SH,600516,方大炭素,甘肃,矿物制品,20020830
411,600517.SH,600517,国网英大,上海,电气设备,20031010
412,600518.SH,600518,ST康美,广东,中成药,20010319
413,600519.SH,600519,贵州茅台,贵州,白酒,20010827
414,600520.SH,600520,文一科技,安徽,机械基件,20020108
415,600521.SH,600521,华海药业,浙江,化学制药,20030304
416,600522.SH,600522,中天科技,江苏,通信设备,20021024
417,600523.SH,600523,贵航股份,贵州,汽车配件,20011227
418,600525.SH,600525,长园集团,深圳,电气设备,20021202
419,600526.SH,600526,菲达环保,浙江,环境保护,20020722
420,600527.SH,600527,江南高纤,江苏,化纤,20031127
421,600528.SH,600528,中铁工业,北京,运输设备,20010528
422,600529.SH,600529,山东药玻,山东,医疗保健,20020603
423,600530.SH,600530,*ST交昂,上海,医疗保健,20010702
424,600531.SH,600531,豫光金铅,河南,铅锌,20020730
425,600532.SH,600532,未来股份,上海,商贸代理,20021031
426,600533.SH,600533,栖霞建设,江苏,区域地产,20020328
427,600535.SH,600535,天士力,天津,中成药,20020823
428,600536.SH,600536,中国软件,北京,软件服务,20020517
429,600537.SH,600537,亿晶光电,浙江,电气设备,20030123
430,600538.SH,600538,国发股份,广西,医药商业,20030114
431,600539.SH,600539,ST狮头,山西,水泥,20010824
432,600540.SH,600540,新赛股份,新疆,种植业,20040107
433,600543.SH,600543,莫高股份,甘肃,红黄酒,20040324
434,600545.SH,600545,卓郎智能,新疆,纺织机械,20031203
435,600546.SH,600546,山煤国际,山西,煤炭开采,20030731
436,600547.SH,600547,山东黄金,山东,黄金,20030828
437,600548.SH,600548,深高速,深圳,路桥,20011225
438,600549.SH,600549,厦门钨业,福建,小金属,20021107
439,600550.SH,600550,保变电气,河北,电气设备,20010228
440,600551.SH,600551,时代出版,安徽,出版业,20020905
441,600552.SH,600552,凯盛科技,安徽,玻璃,20021108
442,600555.SH,600555,*ST海创,海南,旅游服务,20010328
443,600556.SH,600556,天下秀,广西,互联网,20010807
444,600557.SH,600557,康缘药业,江苏,中成药,20020918
445,600558.SH,600558,大西洋,四川,钢加工,20010227
446,600559.SH,600559,老白干酒,河北,白酒,20021029
447,600560.SH,600560,金自天正,北京,电气设备,20020919
448,600561.SH,600561,江西长运,江西,公共交通,20020716
449,600562.SH,600562,国睿科技,江苏,通信设备,20030128
450,600563.SH,600563,法拉电子,福建,元器件,20021210
451,600565.SH,600565,迪马股份,重庆,全国地产,20020723
452,600566.SH,600566,济川药业,湖北,中成药,20010822
453,600567.SH,600567,山鹰国际,安徽,造纸,20011218
454,600568.SH,600568,*ST中珠,湖北,区域地产,20010518
455,600569.SH,600569,安阳钢铁,河南,普钢,20010820
456,600570.SH,600570,恒生电子,浙江,软件服务,20031216
457,600571.SH,600571,信雅达,浙江,软件服务,20021101
458,600572.SH,600572,康恩贝,浙江,中成药,20040412
459,600573.SH,600573,惠泉啤酒,福建,啤酒,20030226
460,600575.SH,600575,淮河能源,安徽,水运,20030328
461,600576.SH,600576,祥源文化,浙江,影视音像,20030220
462,600577.SH,600577,精达股份,安徽,电气设备,20020911
463,600578.SH,600578,京能电力,北京,火力发电,20020510
464,600579.SH,600579,克劳斯,山东,化工机械,20020809
465,600580.SH,600580,卧龙电驱,浙江,电气设备,20020606
466,600581.SH,600581,八一钢铁,新疆,普钢,20020816
467,600582.SH,600582,天地科技,北京,工程机械,20020515
468,600583.SH,600583,海油工程,天津,石油开采,20020205
469,600584.SH,600584,长电科技,江苏,半导体,20030603
470,600585.SH,600585,海螺水泥,安徽,水泥,20020207
471,600586.SH,600586,金晶科技,山东,玻璃,20020815
472,600587.SH,600587,新华医疗,山东,医疗保健,20020927
473,600588.SH,600588,用友网络,北京,软件服务,20010518
474,600589.SH,600589,广东榕泰,广东,塑料,20010612
475,600590.SH,600590,泰豪科技,江西,电气设备,20020703
476,600592.SH,600592,龙溪股份,福建,机械基件,20020805
477,600593.SH,600593,大连圣亚,辽宁,旅游服务,20020711
478,600594.SH,600594,益佰制药,贵州,中成药,20040323
479,600595.SH,600595,*ST中孚,河南,铝,20020626
480,600596.SH,600596,新安股份,浙江,化工原料,20010906
481,600597.SH,600597,光明乳业,上海,乳制品,20020828
482,600598.SH,600598,北大荒,黑龙江,种植业,20020329
483,600599.SH,600599,*ST熊猫,湖南,多元金融,20010828
484,600600.SH,600600,青岛啤酒,山东,啤酒,19930827
485,600601.SH,600601,方正科技,上海,IT设备,19901219
486,600602.SH,600602,云赛智联,上海,软件服务,19901219
487,600603.SH,600603,广汇物流,四川,仓储物流,19920113
488,600604.SH,600604,市北高新,上海,园区开发,19920327
489,600605.SH,600605,汇通能源,上海,房产服务,19920327
490,600606.SH,600606,绿地控股,上海,全国地产,19920327
491,600608.SH,600608,ST沪科,上海,钢加工,19920327
492,600609.SH,600609,金杯汽车,辽宁,汽车配件,19920724
493,600610.SH,600610,ST毅达,上海,建筑工程,19920805
494,600611.SH,600611,大众交通,上海,公共交通,19920807
495,600612.SH,600612,老凤祥,上海,服饰,19920814
496,600613.SH,600613,神奇制药,上海,中成药,19920820
497,600615.SH,600615,丰华股份,上海,小金属,19920910
498,600616.SH,600616,金枫酒业,上海,红黄酒,19920929
499,600617.SH,600617,国新能源,山西,供气供热,19921013
500,600618.SH,600618,氯碱化工,上海,化工原料,19921113
501,600619.SH,600619,海立股份,上海,机械基件,19921116
502,600620.SH,600620,天宸股份,上海,综合类,19921117
503,600621.SH,600621,华鑫股份,上海,证券,19921202
504,600622.SH,600622,光大嘉宝,上海,区域地产,19921203
505,600623.SH,600623,华谊集团,上海,汽车配件,19921204
506,600624.SH,600624,复旦复华,上海,化学制药,19930105
507,600626.SH,600626,申达股份,上海,纺织,19930107
508,600628.SH,600628,新世界,上海,百货,19930119
509,600629.SH,600629,华建集团,上海,建筑工程,19930209
510,600630.SH,600630,龙头股份,上海,纺织,19930209
511,600633.SH,600633,浙数文化,浙江,互联网,19930304
512,600634.SH,600634,*ST富控,上海,互联网,19930304
513,600635.SH,600635,大众公用,上海,供气供热,19930304
514,600636.SH,600636,国新文化,上海,化工原料,19930316
515,600637.SH,600637,东方明珠,上海,影视音像,19930316
516,600638.SH,600638,新黄浦,上海,区域地产,19930326
517,600639.SH,600639,浦东金桥,上海,园区开发,19930326
518,600640.SH,600640,号百控股,上海,影视音像,19930407
519,600641.SH,600641,万业企业,上海,区域地产,19930407
520,600642.SH,600642,申能股份,上海,火力发电,19930416
521,600643.SH,600643,爱建集团,上海,多元金融,19930426
522,600644.SH,600644,乐山电力,四川,水力发电,19930426
523,600645.SH,600645,中源协和,天津,生物制药,19930504
524,600647.SH,600647,同达创业,上海,综合类,19930504
525,600648.SH,600648,外高桥,上海,园区开发,19930504
526,600649.SH,600649,城投控股,上海,区域地产,19930518
527,600650.SH,600650,锦江投资,上海,公共交通,19930607
528,600651.SH,600651,*ST飞乐,上海,电器仪表,19901219
529,600652.SH,600652,ST游久,上海,互联网,19901219
530,600653.SH,600653,申华控股,辽宁,汽车服务,19901219
531,600654.SH,600654,ST中安,上海,软件服务,19901219
532,600655.SH,600655,豫园股份,上海,百货,19920902
533,600657.SH,600657,信达地产,北京,全国地产,19930524
534,600658.SH,600658,电子城,北京,园区开发,19930524
535,600660.SH,600660,福耀玻璃,福建,汽车配件,19930610
536,600661.SH,600661,昂立教育,上海,文教休闲,19930614
537,600662.SH,600662,强生控股,上海,公共交通,19930614
538,600663.SH,600663,陆家嘴,上海,园区开发,19930628
539,600664.SH,600664,哈药股份,黑龙江,化学制药,19930629
540,600665.SH,600665,天地源,陕西,全国地产,19930709
541,600666.SH,600666,ST瑞德,黑龙江,元器件,19930712
542,600667.SH,600667,太极实业,江苏,半导体,19930728
543,600668.SH,600668,尖峰集团,浙江,水泥,19930728
544,600671.SH,600671,*ST目药,浙江,中成药,19930823
545,600673.SH,600673,东阳光,广东,化学制药,19930917
546,600674.SH,600674,川投能源,四川,水力发电,19930924
547,600675.SH,600675,中华企业,上海,区域地产,19930924
548,600676.SH,600676,交运股份,上海,公共交通,19930928
549,600678.SH,600678,四川金顶,四川,水泥,19931008
550,600679.SH,600679,上海凤凰,上海,文教休闲,19931008
551,600681.SH,600681,百川能源,湖北,供气供热,19931018
552,600682.SH,600682,南京新百,江苏,百货,19931018
553,600683.SH,600683,京投发展,浙江,区域地产,19931025
554,600684.SH,600684,珠江实业,广东,全国地产,19931028
555,600685.SH,600685,中船防务,广东,船舶,19931028
556,600686.SH,600686,金龙汽车,福建,汽车整车,19931108
557,600687.SH,600687,退刚泰,,,19931108
558,600688.SH,600688,上海石化,上海,石油加工,19931108
559,600689.SH,600689,上海三毛,上海,纺织,19931108
560,600690.SH,600690,海尔智家,山东,家用电器,19931119
561,600691.SH,600691,阳煤化工,山西,农药化肥,19931119
562,600692.SH,600692,亚通股份,上海,房产服务,19931119
563,600693.SH,600693,东百集团,福建,百货,19931122
564,600694.SH,600694,大商股份,辽宁,百货,19931122
565,600695.SH,600695,绿庭投资,上海,多元金融,19931122
566,600696.SH,600696,ST岩石,上海,区域地产,19931206
567,600697.SH,600697,欧亚集团,吉林,百货,19931206
568,600698.SH,600698,ST天雁,湖南,汽车配件,19931206
569,600699.SH,600699,均胜电子,浙江,汽车配件,19931206
570,600702.SH,600702,ST舍得,四川,白酒,19960524
571,600703.SH,600703,三安光电,湖北,半导体,19960528
572,600704.SH,600704,物产中大,浙江,商贸代理,19960606
573,600705.SH,600705,中航资本,黑龙江,多元金融,19960516
574,600706.SH,600706,曲江文旅,陕西,旅游服务,19960516
575,600707.SH,600707,彩虹股份,陕西,元器件,19960520
576,600708.SH,600708,光明地产,上海,全国地产,19960606
577,600710.SH,600710,苏美达,江苏,工程机械,19960701
578,600711.SH,600711,盛屯矿业,福建,小金属,19960531
579,600712.SH,600712,南宁百货,广西,百货,19960626
580,600713.SH,600713,南京医药,江苏,医药商业,19960701
581,600714.SH,600714,金瑞矿业,青海,化工原料,19960606
582,600715.SH,600715,文投控股,辽宁,影视音像,19960701
583,600716.SH,600716,凤凰股份,江苏,区域地产,19960702
584,600717.SH,600717,天津港,天津,港口,19960614
585,600718.SH,600718,东软集团,辽宁,软件服务,19960618
586,600719.SH,600719,大连热电,辽宁,供气供热,19960716
587,600720.SH,600720,祁连山,甘肃,水泥,19960716
588,600721.SH,600721,ST百花,新疆,生物制药,19960626
589,600722.SH,600722,金牛化工,河北,化工原料,19960626
590,600723.SH,600723,首商股份,北京,百货,19960716
591,600724.SH,600724,宁波富达,浙江,水泥,19960716
592,600725.SH,600725,ST云维,云南,焦炭加工,19960702
593,600726.SH,600726,华电能源,黑龙江,火力发电,19960701
594,600727.SH,600727,鲁北化工,山东,农药化肥,19960702
595,600728.SH,600728,佳都科技,广东,软件服务,19960716
596,600729.SH,600729,重庆百货,重庆,百货,19960702
597,600730.SH,600730,中国高科,北京,综合类,19960726
598,600731.SH,600731,湖南海利,湖南,农药化肥,19960802
599,600732.SH,600732,爱旭股份,上海,电气设备,19960816
600,600733.SH,600733,北汽蓝谷,北京,汽车整车,19960816
601,600734.SH,600734,*ST实达,福建,IT设备,19960808
602,600735.SH,600735,新华锦,山东,商贸代理,19960726
603,600736.SH,600736,苏州高新,江苏,园区开发,19960815
604,600737.SH,600737,中粮糖业,新疆,食品,19960731
605,600738.SH,600738,兰州民百,甘肃,百货,19960802
606,600739.SH,600739,辽宁成大,辽宁,商贸代理,19960819
607,600740.SH,600740,山西焦化,山西,焦炭加工,19960808
608,600741.SH,600741,华域汽车,上海,汽车配件,19960826
609,600742.SH,600742,一汽富维,吉林,汽车配件,19960826
610,600743.SH,600743,华远地产,北京,区域地产,19960909
611,600744.SH,600744,华银电力,湖南,火力发电,19960905
612,600745.SH,600745,闻泰科技,湖北,通信设备,19960828
613,600746.SH,600746,江苏索普,江苏,化工原料,19960918
614,600748.SH,600748,上实发展,上海,全国地产,19960925
615,600749.SH,600749,西藏旅游,西藏,旅游景点,19961015
616,600750.SH,600750,江中药业,江西,中成药,19960923
617,600751.SH,600751,海航科技,天津,软件服务,19960909
618,600753.SH,600753,东方银星,福建,商贸代理,19960927
619,600754.SH,600754,锦江酒店,上海,酒店餐饮,19961011
620,600755.SH,600755,厦门国贸,福建,商贸代理,19961003
621,600756.SH,600756,浪潮软件,山东,软件服务,19960923
622,600757.SH,600757,长江传媒,湖北,出版业,19961003
623,600758.SH,600758,辽宁能源,辽宁,煤炭开采,19961029
624,600759.SH,600759,洲际油气,海南,石油开采,19961008
625,600760.SH,600760,中航沈飞,山东,航空,19961011
626,600761.SH,600761,安徽合力,安徽,工程机械,19961009
627,600763.SH,600763,通策医疗,浙江,医疗保健,19961030
628,600764.SH,600764,中国海防,北京,通信设备,19961104
629,600765.SH,600765,中航重机,贵州,航空,19961106
630,600766.SH,600766,园城黄金,山东,黄金,19961028
631,600767.SH,600767,ST运盛,四川,医疗保健,19961115
632,600768.SH,600768,宁波富邦,浙江,铝,19961111
633,600769.SH,600769,祥龙电业,湖北,建筑工程,19961101
634,600770.SH,600770,综艺股份,江苏,综合类,19961120
635,600771.SH,600771,广誉远,山西,中成药,19961105
636,600773.SH,600773,西藏城投,西藏,区域地产,19961108
637,600774.SH,600774,汉商集团,湖北,百货,19961108
638,600775.SH,600775,南京熊猫,江苏,通信设备,19961118
639,600776.SH,600776,东方通信,浙江,通信设备,19961126
640,600777.SH,600777,新潮能源,山东,石油开采,19961121
641,600778.SH,600778,友好集团,新疆,百货,19961203
642,600779.SH,600779,水井坊,四川,白酒,19961206
643,600780.SH,600780,通宝能源,山西,火力发电,19961205
644,600781.SH,600781,*ST辅仁,河南,中成药,19961218
645,600782.SH,600782,新钢股份,江西,普钢,19961225
646,600783.SH,600783,鲁信创投,山东,多元金融,19961225
647,600784.SH,600784,鲁银投资,山东,综合类,19961225
648,600785.SH,600785,新华百货,宁夏,百货,19970108
649,600787.SH,600787,中储股份,天津,仓储物流,19970121
650,600789.SH,600789,鲁抗医药,山东,化学制药,19970226
651,600790.SH,600790,轻纺城,浙江,商品城,19970228
652,600791.SH,600791,京能置业,北京,全国地产,19970130
653,600792.SH,600792,云煤能源,云南,焦炭加工,19970123
654,600793.SH,600793,宜宾纸业,四川,造纸,19970220
655,600794.SH,600794,保税科技,江苏,仓储物流,19970306
656,600795.SH,600795,国电电力,辽宁,火力发电,19970318
657,600796.SH,600796,钱江生化,浙江,农药化肥,19970408
658,600797.SH,600797,浙大网新,浙江,软件服务,19970418
659,600798.SH,600798,宁波海运,浙江,水运,19970423
660,600800.SH,600800,渤海化学,天津,综合类,19931206
661,600801.SH,600801,华新水泥,湖北,水泥,19940103
662,600802.SH,600802,福建水泥,福建,水泥,19940103
663,600803.SH,600803,新奥股份,河北,供气供热,19940103
664,600804.SH,600804,鹏博士,四川,电信运营,19940103
665,600805.SH,600805,悦达投资,江苏,综合类,19940103
666,600807.SH,600807,济南高新,山东,区域地产,19940103
667,600808.SH,600808,马钢股份,安徽,普钢,19940106
668,600809.SH,600809,山西汾酒,山西,白酒,19940106
669,600810.SH,600810,神马股份,河南,化纤,19940106
670,600811.SH,600811,东方集团,黑龙江,农业综合,19940106
671,600812.SH,600812,华北制药,河北,化学制药,19940114
672,600814.SH,600814,杭州解百,浙江,百货,19940114
673,600815.SH,600815,*ST厦工,福建,工程机械,19940128
674,600816.SH,600816,*ST安信,上海,多元金融,19940128
675,600817.SH,600817,ST宏盛,河南,多元金融,19940128
676,600818.SH,600818,中路股份,上海,文教休闲,19940128
677,600819.SH,600819,耀皮玻璃,上海,玻璃,19940128
678,600820.SH,600820,隧道股份,上海,建筑工程,19940128
679,600821.SH,600821,*ST劝业,天津,新型电力,19940128
680,600822.SH,600822,上海物贸,上海,商贸代理,19940204
681,600823.SH,600823,世茂股份,上海,全国地产,19940204
682,600824.SH,600824,益民集团,上海,百货,19940204
683,600825.SH,600825,新华传媒,上海,出版业,19940204
684,600826.SH,600826,兰生股份,上海,商贸代理,19940204
685,600827.SH,600827,百联股份,上海,超市连锁,19940204
686,600828.SH,600828,茂业商业,四川,百货,19940224
687,600829.SH,600829,人民同泰,黑龙江,医药商业,19940224
688,600830.SH,600830,香溢融通,浙江,多元金融,19940224
689,600831.SH,600831,广电网络,陕西,影视音像,19940224
690,600833.SH,600833,第一医药,上海,医药商业,19940224
691,600834.SH,600834,申通地铁,上海,公共交通,19940224
692,600835.SH,600835,上海机电,上海,运输设备,19940224
693,600836.SH,600836,*ST界龙,上海,广告包装,19940224
694,600837.SH,600837,海通证券,上海,证券,19940224
695,600838.SH,600838,上海九百,上海,百货,19940224
696,600839.SH,600839,四川长虹,四川,家用电器,19940311
697,600841.SH,600841,上柴股份,上海,机械基件,19940311
698,600843.SH,600843,上工申贝,上海,纺织机械,19940311
699,600844.SH,600844,丹化科技,江苏,化工原料,19940311
700,600845.SH,600845,宝信软件,上海,软件服务,19940311
701,600846.SH,600846,同济科技,上海,建筑工程,19940311
702,600847.SH,600847,万里股份,重庆,电气设备,19940324
703,600848.SH,600848,上海临港,上海,园区开发,19940324
704,600850.SH,600850,华东电脑,上海,软件服务,19940324
705,600851.SH,600851,海欣股份,上海,化学制药,19940404
706,600853.SH,600853,龙建股份,黑龙江,建筑工程,19940404
707,600854.SH,600854,春兰股份,江苏,家用电器,19940425
708,600855.SH,600855,航天长峰,北京,专用机械,19940425
709,600856.SH,600856,*ST中天,北京,供气供热,19940425
710,600857.SH,600857,宁波中百,浙江,百货,19940425
711,600858.SH,600858,银座股份,山东,百货,19940506
712,600859.SH,600859,王府井,北京,百货,19940506
713,600860.SH,600860,*ST京城,北京,专用机械,19940506
714,600861.SH,600861,北京城乡,北京,百货,19940520
715,600862.SH,600862,中航高科,江苏,航空,19940520
716,600863.SH,600863,内蒙华电,内蒙,火力发电,19940520
717,600864.SH,600864,哈投股份,黑龙江,证券,19940809
718,600865.SH,600865,百大集团,浙江,百货,19940809
719,600866.SH,600866,星湖科技,广东,食品,19940818
720,600867.SH,600867,通化东宝,吉林,生物制药,19940824
721,600868.SH,600868,梅雁吉祥,广东,水力发电,19940912
722,600869.SH,600869,远东股份,青海,电气设备,19950206
723,600870.SH,600870,ST厦华,福建,家用电器,19950228
724,600871.SH,600871,石化油服,北京,石油开采,19950411
725,600872.SH,600872,中炬高新,广东,食品,19950124
726,600873.SH,600873,梅花生物,西藏,食品,19950217
727,600874.SH,600874,创业环保,天津,环境保护,19950630
728,600875.SH,600875,东方电气,四川,电气设备,19951010
729,600876.SH,600876,洛阳玻璃,河南,玻璃,19951031
730,600877.SH,600877,ST电能,重庆,电气设备,19951013
731,600879.SH,600879,航天电子,湖北,航空,19951115
732,600880.SH,600880,博瑞传播,四川,广告包装,19951115
733,600881.SH,600881,亚泰集团,吉林,水泥,19951115
734,600882.SH,600882,妙可蓝多,上海,乳制品,19951206
735,600883.SH,600883,博闻科技,云南,水泥,19951208
736,600884.SH,600884,杉杉股份,浙江,综合类,19960130
737,600885.SH,600885,宏发股份,湖北,电气设备,19960205
738,600886.SH,600886,国投电力,北京,水力发电,19960118
739,600887.SH,600887,伊利股份,内蒙,乳制品,19960312
740,600888.SH,600888,新疆众和,新疆,铝,19960215
741,600889.SH,600889,南京化纤,江苏,化纤,19960308
742,600890.SH,600890,中房股份,北京,区域地产,19960318
743,600892.SH,600892,*ST大晟,深圳,影视音像,19960315
744,600893.SH,600893,航发动力,陕西,航空,19960408
745,600894.SH,600894,广日股份,广东,运输设备,19960328
746,600895.SH,600895,张江高科,上海,园区开发,19960422
747,600896.SH,600896,览海医疗,海南,医疗保健,19960503
748,600897.SH,600897,厦门空港,福建,机场,19960531
749,600898.SH,600898,*ST美讯,山东,通信设备,19960418
750,600900.SH,600900,长江电力,北京,水力发电,20031118
751,600901.SH,600901,江苏租赁,江苏,多元金融,20180301
752,600903.SH,600903,贵州燃气,贵州,供气供热,20171107
753,600908.SH,600908,无锡银行,江苏,银行,20160923
754,600909.SH,600909,华安证券,安徽,证券,20161206
755,600916.SH,600916,中国黄金,北京,黄金,20210205
756,600917.SH,600917,重庆燃气,重庆,供气供热,20140930
757,600918.SH,600918,中泰证券,山东,证券,20200603
758,600919.SH,600919,江苏银行,江苏,银行,20160802
759,600926.SH,600926,杭州银行,浙江,银行,20161027
760,600928.SH,600928,西安银行,陕西,银行,20190301
761,600929.SH,600929,雪天盐业,湖南,食品,20180326
762,600933.SH,600933,爱柯迪,浙江,汽车配件,20171117
763,600936.SH,600936,广西广电,广西,影视音像,20160815
764,600939.SH,600939,重庆建工,重庆,建筑工程,20170221
765,600956.SH,600956,新天绿能,河北,供气供热,20200629
766,600958.SH,600958,东方证券,上海,证券,20150323
767,600959.SH,600959,江苏有线,江苏,影视音像,20150428
768,600960.SH,600960,渤海汽车,山东,汽车配件,20040407
769,600961.SH,600961,株冶集团,湖南,铅锌,20040830
770,600962.SH,600962,国投中鲁,北京,软饮料,20040622
771,600963.SH,600963,岳阳林纸,湖南,造纸,20040525
772,600965.SH,600965,福成股份,河北,农业综合,20040713
773,600966.SH,600966,博汇纸业,山东,造纸,20040608
774,600967.SH,600967,内蒙一机,内蒙,运输设备,20040518
775,600968.SH,600968,海油发展,北京,石油开采,20190626
776,600969.SH,600969,郴电国际,湖南,水力发电,20040408
777,600970.SH,600970,中材国际,江苏,建筑工程,20050412
778,600971.SH,600971,恒源煤电,安徽,煤炭开采,20040817
779,600973.SH,600973,宝胜股份,江苏,电气设备,20040802
780,600975.SH,600975,新五丰,湖南,农业综合,20040609
781,600976.SH,600976,健民集团,湖北,中成药,20040419
782,600977.SH,600977,中国电影,北京,影视音像,20160809
783,600978.SH,600978,*ST宜生,广东,家居用品,20040824
784,600979.SH,600979,广安爱众,四川,水力发电,20040906
785,600980.SH,600980,北矿科技,北京,元器件,20040512
786,600981.SH,600981,汇鸿集团,江苏,商贸代理,20040630
787,600982.SH,600982,宁波能源,浙江,供气供热,20040706
788,600983.SH,600983,惠而浦,安徽,家用电器,20040727
789,600984.SH,600984,建设机械,陕西,工程机械,20040707
790,600985.SH,600985,淮北矿业,安徽,煤炭开采,20040428
791,600986.SH,600986,浙文互联,山东,互联网,20040426
792,600987.SH,600987,航民股份,浙江,纺织,20040809
793,600988.SH,600988,赤峰黄金,内蒙,黄金,20040414
794,600989.SH,600989,宝丰能源,宁夏,化工原料,20190516
795,600990.SH,600990,四创电子,安徽,通信设备,20040510
796,600992.SH,600992,贵绳股份,贵州,钢加工,20040514
797,600993.SH,600993,马应龙,湖北,中成药,20040517
798,600995.SH,600995,文山电力,云南,水力发电,20040615
799,600996.SH,600996,贵广网络,贵州,影视音像,20161226
800,600997.SH,600997,开滦股份,河北,煤炭开采,20040602
801,600998.SH,600998,九州通,湖北,医药商业,20101102
802,600999.SH,600999,招商证券,深圳,证券,20091117
803,601000.SH,601000,唐山港,河北,港口,20100705
804,601001.SH,601001,晋控煤业,山西,煤炭开采,20060623
805,601002.SH,601002,晋亿实业,浙江,机械基件,20070126
806,601003.SH,601003,柳钢股份,广西,普钢,20070227
807,601005.SH,601005,重庆钢铁,重庆,普钢,20070228
808,601006.SH,601006,大秦铁路,山西,铁路,20060801
809,601007.SH,601007,金陵饭店,江苏,酒店餐饮,20070406
810,601008.SH,601008,连云港,江苏,港口,20070426
811,601009.SH,601009,南京银行,江苏,银行,20070719
812,601010.SH,601010,文峰股份,江苏,超市连锁,20110603
813,601011.SH,601011,宝泰隆,黑龙江,焦炭加工,20110309
814,601012.SH,601012,隆基股份,陕西,电气设备,20120411
815,601015.SH,601015,陕西黑猫,陕西,焦炭加工,20141105
816,601016.SH,601016,节能风电,北京,新型电力,20140929
817,601018.SH,601018,宁波港,浙江,港口,20100928
818,601019.SH,601019,山东出版,山东,出版业,20171122
819,601020.SH,601020,华钰矿业,西藏,铅锌,20160316
820,601021.SH,601021,春秋航空,上海,空运,20150121
821,601028.SH,601028,玉龙股份,江苏,商贸代理,20111107
822,601038.SH,601038,一拖股份,河南,农用机械,20120808
823,601058.SH,601058,赛轮轮胎,山东,汽车配件,20110630
824,601066.SH,601066,中信建投,北京,证券,20180620
825,601068.SH,601068,中铝国际,北京,建筑工程,20180831
826,601069.SH,601069,西部黄金,新疆,黄金,20150122
827,601077.SH,601077,渝农商行,重庆,银行,20191029
828,601086.SH,601086,国芳集团,甘肃,百货,20170929
829,601088.SH,601088,中国神华,北京,煤炭开采,20071009
830,601098.SH,601098,中南传媒,湖南,出版业,20101028
831,601099.SH,601099,太平洋,云南,证券,20071228
832,601100.SH,601100,恒立液压,江苏,工程机械,20111028
833,601101.SH,601101,昊华能源,北京,煤炭开采,20100331
834,601106.SH,601106,中国一重,黑龙江,工程机械,20100209
835,601107.SH,601107,四川成渝,四川,路桥,20090727
836,601108.SH,601108,财通证券,浙江,证券,20171024
837,601111.SH,601111,中国国航,北京,空运,20060818
838,601113.SH,601113,ST华鼎,浙江,化纤,20110509
839,601116.SH,601116,三江购物,浙江,超市连锁,20110302
840,601117.SH,601117,中国化学,北京,建筑工程,20100107
841,601118.SH,601118,海南橡胶,海南,橡胶,20110107
842,601126.SH,601126,四方股份,北京,电气设备,20101231
843,601127.SH,601127,小康股份,重庆,汽车配件,20160615
844,601128.SH,601128,常熟银行,江苏,银行,20160930
845,601137.SH,601137,博威合金,浙江,铜,20110127
846,601138.SH,601138,工业富联,深圳,通信设备,20180608
847,601139.SH,601139,深圳燃气,深圳,供气供热,20091225
848,601155.SH,601155,新城控股,江苏,区域地产,20151204
849,601158.SH,601158,重庆水务,重庆,水务,20100329
850,601162.SH,601162,天风证券,湖北,证券,20181019
851,601163.SH,601163,三角轮胎,山东,汽车配件,20160909
852,601166.SH,601166,兴业银行,福建,银行,20070205
853,601168.SH,601168,西部矿业,青海,铜,20070712
854,601169.SH,601169,北京银行,北京,银行,20070919
855,601177.SH,601177,杭齿前进,浙江,机械基件,20101011
856,601179.SH,601179,中国西电,陕西,电气设备,20100128
857,601186.SH,601186,中国铁建,北京,建筑工程,20080310
858,601187.SH,601187,厦门银行,福建,银行,20201027
859,601188.SH,601188,龙江交通,黑龙江,路桥,20100319
860,601198.SH,601198,东兴证券,北京,证券,20150226
861,601199.SH,601199,江南水务,江苏,水务,20110317
862,601200.SH,601200,上海环境,上海,环境保护,20170331
863,601208.SH,601208,东材科技,四川,化工原料,20110520
864,601211.SH,601211,国泰君安,上海,证券,20150626
865,601212.SH,601212,白银有色,甘肃,铜,20170215
866,601216.SH,601216,君正集团,内蒙,化工原料,20110222
867,601218.SH,601218,吉鑫科技,江苏,机械基件,20110506
868,601222.SH,601222,林洋能源,江苏,电器仪表,20110808
869,601225.SH,601225,陕西煤业,陕西,煤炭开采,20140128
870,601226.SH,601226,华电重工,北京,专用机械,20141211
871,601228.SH,601228,广州港,广东,港口,20170329
872,601229.SH,601229,上海银行,上海,银行,20161116
873,601231.SH,601231,环旭电子,上海,元器件,20120220
874,601233.SH,601233,桐昆股份,浙江,化纤,20110518
875,601236.SH,601236,红塔证券,云南,证券,20190705
876,601238.SH,601238,广汽集团,广东,汽车整车,20120329
877,601258.SH,601258,ST庞大,河北,汽车服务,20110428
878,601288.SH,601288,农业银行,北京,银行,20100715
879,601298.SH,601298,青岛港,山东,港口,20190121
880,601311.SH,601311,骆驼股份,湖北,电气设备,20110602
881,601318.SH,601318,中国平安,深圳,保险,20070301
882,601319.SH,601319,中国人保,北京,保险,20181116
883,601326.SH,601326,秦港股份,河北,港口,20170816
884,601328.SH,601328,交通银行,上海,银行,20070515
885,601330.SH,601330,绿色动力,深圳,环境保护,20180611
886,601333.SH,601333,广深铁路,深圳,铁路,20061222
887,601336.SH,601336,新华保险,北京,保险,20111216
888,601339.SH,601339,百隆东方,浙江,纺织,20120612
889,601360.SH,601360,三六零,天津,互联网,20120116
890,601366.SH,601366,利群股份,山东,百货,20170412
891,601368.SH,601368,绿城水务,广西,水务,20150612
892,601369.SH,601369,陕鼓动力,陕西,机械基件,20100428
893,601375.SH,601375,中原证券,河南,证券,20170103
894,601377.SH,601377,兴业证券,福建,证券,20101013
895,601388.SH,601388,怡球资源,江苏,铝,20120423
896,601390.SH,601390,中国中铁,北京,建筑工程,20071203
897,601398.SH,601398,工商银行,北京,银行,20061027
898,601399.SH,601399,ST国重装,四川,工程机械,20200608
899,601456.SH,601456,国联证券,江苏,证券,20200731
900,601500.SH,601500,通用股份,江苏,汽车配件,20160919
901,601512.SH,601512,中新集团,江苏,园区开发,20191220
902,601515.SH,601515,东风股份,广东,广告包装,20120216
903,601518.SH,601518,吉林高速,吉林,路桥,20100319
904,601519.SH,601519,大智慧,上海,软件服务,20110128
905,601555.SH,601555,东吴证券,江苏,证券,20111212
906,601566.SH,601566,九牧王,福建,服饰,20110530
907,601567.SH,601567,三星医疗,浙江,电器仪表,20110615
908,601568.SH,601568,北元集团,陕西,化工原料,20201020
909,601577.SH,601577,长沙银行,湖南,银行,20180926
910,601579.SH,601579,会稽山,浙江,红黄酒,20140825
911,601588.SH,601588,北辰实业,北京,区域地产,20061016
912,601595.SH,601595,上海电影,上海,影视音像,20160817
913,601598.SH,601598,中国外运,北京,仓储物流,20190118
914,601599.SH,601599,鹿港文化,江苏,纺织,20110527
915,601600.SH,601600,中国铝业,北京,铝,20070430
916,601601.SH,601601,中国太保,上海,保险,20071225
917,601606.SH,601606,长城军工,安徽,专用机械,20180806
918,601607.SH,601607,上海医药,上海,医药商业,19940324
919,601608.SH,601608,中信重工,河南,专用机械,20120706
920,601609.SH,601609,金田铜业,浙江,铜,20200422
921,601611.SH,601611,中国核建,上海,建筑工程,20160606
922,601615.SH,601615,明阳智能,广东,机械基件,20190123
923,601616.SH,601616,广电电气,上海,电气设备,20110201
924,601618.SH,601618,中国中冶,北京,建筑工程,20090921
925,601619.SH,601619,嘉泽新能,宁夏,新型电力,20170720
926,601628.SH,601628,中国人寿,北京,保险,20070109
927,601633.SH,601633,长城汽车,河北,汽车整车,20110928
928,601636.SH,601636,旗滨集团,湖南,玻璃,20110812
929,601658.SH,601658,邮储银行,北京,银行,20191210
930,601666.SH,601666,平煤股份,河南,煤炭开采,20061123
931,601668.SH,601668,中国建筑,北京,建筑工程,20090729
932,601669.SH,601669,中国电建,北京,建筑工程,20111018
933,601677.SH,601677,明泰铝业,河南,铝,20110919
934,601678.SH,601678,滨化股份,山东,化工原料,20100223
935,601686.SH,601686,友发集团,天津,钢加工,20201204
936,601688.SH,601688,华泰证券,江苏,证券,20100226
937,601689.SH,601689,拓普集团,浙江,汽车配件,20150319
938,601696.SH,601696,中银证券,上海,证券,20200226
939,601698.SH,601698,中国卫通,北京,电信运营,20190628
940,601699.SH,601699,潞安环能,山西,煤炭开采,20060922
941,601700.SH,601700,风范股份,江苏,电气设备,20110118
942,601702.SH,601702,华峰铝业,上海,铝,20200907
943,601717.SH,601717,郑煤机,河南,汽车配件,20100803
944,601718.SH,601718,际华集团,北京,服饰,20100816
945,601727.SH,601727,上海电气,上海,电气设备,20081205
946,601766.SH,601766,中国中车,北京,运输设备,20080818
947,601777.SH,601777,*ST力帆,重庆,摩托车,20101125
948,601778.SH,601778,晶科科技,江西,新型电力,20200519
949,601788.SH,601788,光大证券,上海,证券,20090818
950,601789.SH,601789,宁波建工,浙江,建筑工程,20110816
951,601798.SH,601798,蓝科高新,甘肃,化工机械,20110622
952,601799.SH,601799,星宇股份,江苏,汽车配件,20110201
953,601800.SH,601800,中国交建,北京,建筑工程,20120309
954,601801.SH,601801,皖新传媒,安徽,出版业,20100118
955,601808.SH,601808,中海油服,天津,石油开采,20070928
956,601811.SH,601811,新华文轩,四川,出版业,20160808
957,601816.SH,601816,京沪高铁,北京,铁路,20200116
958,601818.SH,601818,光大银行,北京,银行,20100818
959,601827.SH,601827,三峰环境,重庆,环境保护,20200605
960,601828.SH,601828,美凯龙,上海,其他商业,20180117
961,601838.SH,601838,成都银行,四川,银行,20180131
962,601857.SH,601857,中国石油,北京,石油开采,20071105
963,601858.SH,601858,中国科传,北京,出版业,20170118
964,601860.SH,601860,紫金银行,江苏,银行,20190103
965,601865.SH,601865,福莱特,浙江,玻璃,20190215
966,601866.SH,601866,中远海发,上海,水运,20071212
967,601869.SH,601869,长飞光纤,湖北,通信设备,20180720
968,601872.SH,601872,招商轮船,上海,水运,20061201
969,601877.SH,601877,正泰电器,浙江,电气设备,20100121
970,601878.SH,601878,浙商证券,浙江,证券,20170626
971,601880.SH,601880,辽港股份,辽宁,港口,20101206
972,601881.SH,601881,中国银河,北京,证券,20170123
973,601882.SH,601882,海天精工,浙江,机床制造,20161107
974,601886.SH,601886,江河集团,北京,装修装饰,20110818
975,601888.SH,601888,中国中免,北京,旅游服务,20091015
976,601890.SH,601890,亚星锚链,江苏,船舶,20101228
977,601898.SH,601898,中煤能源,北京,煤炭开采,20080201
978,601899.SH,601899,紫金矿业,福建,黄金,20080425
979,601900.SH,601900,南方传媒,广东,出版业,20160215
980,601901.SH,601901,方正证券,湖南,证券,20110810
981,601908.SH,601908,京运通,北京,新型电力,20110908
982,601916.SH,601916,浙商银行,浙江,银行,20191126
983,601918.SH,601918,新集能源,安徽,煤炭开采,20071219
984,601919.SH,601919,中远海控,天津,水运,20070626
985,601928.SH,601928,凤凰传媒,江苏,出版业,20111130
986,601929.SH,601929,吉视传媒,吉林,影视音像,20120223
987,601933.SH,601933,永辉超市,福建,超市连锁,20101215
988,601939.SH,601939,建设银行,北京,银行,20070925
989,601949.SH,601949,中国出版,北京,出版业,20170821
990,601952.SH,601952,苏垦农发,江苏,种植业,20170515
991,601956.SH,601956,东贝集团,湖北,机械基件,20201225
992,601958.SH,601958,金钼股份,陕西,小金属,20080417
993,601963.SH,601963,重庆银行,重庆,银行,20210205
994,601965.SH,601965,中国汽研,重庆,汽车服务,20120611
995,601966.SH,601966,玲珑轮胎,山东,汽车配件,20160706
996,601968.SH,601968,宝钢包装,上海,广告包装,20150611
997,601969.SH,601969,海南矿业,海南,普钢,20141209
998,601975.SH,601975,招商南油,江苏,水运,20190108
999,601985.SH,601985,中国核电,北京,新型电力,20150610
1000,601988.SH,601988,中国银行,北京,银行,20060705
1001,601989.SH,601989,中国重工,北京,船舶,20091216
1002,601990.SH,601990,南京证券,江苏,证券,20180613
1003,601991.SH,601991,大唐发电,北京,火力发电,20061220
1004,601992.SH,601992,金隅集团,北京,水泥,20110301
1005,601995.SH,601995,中金公司,北京,证券,20201102
1006,601996.SH,601996,丰林集团,广西,家居用品,20110929
1007,601997.SH,601997,贵阳银行,贵州,银行,20160816
1008,601998.SH,601998,中信银行,北京,银行,20070427
1009,601999.SH,601999,出版传媒,辽宁,出版业,20071221
1010,603000.SH,603000,人民网,北京,互联网,20120427
1011,603001.SH,603001,奥康国际,浙江,服饰,20120426
1012,603002.SH,603002,宏昌电子,广东,化工原料,20120518
1013,603003.SH,603003,龙宇燃油,上海,石油贸易,20120817
1014,603005.SH,603005,晶方科技,江苏,半导体,20140210
1015,603006.SH,603006,联明股份,上海,汽车配件,20140630
1016,603007.SH,603007,花王股份,江苏,建筑工程,20160826
1017,603008.SH,603008,喜临门,浙江,家居用品,20120717
1018,603009.SH,603009,北特科技,上海,汽车配件,20140718
1019,603010.SH,603010,万盛股份,浙江,化工原料,20141010
1020,603011.SH,603011,合锻智能,安徽,机床制造,20141107
1021,603012.SH,603012,创力集团,上海,专用机械,20150320
1022,603013.SH,603013,亚普股份,江苏,汽车配件,20180509
1023,603015.SH,603015,弘讯科技,浙江,电气设备,20150303
1024,603016.SH,603016,新宏泰,江苏,电气设备,20160701
1025,603017.SH,603017,中衡设计,江苏,建筑工程,20141231
1026,603018.SH,603018,华设集团,江苏,建筑工程,20141013
1027,603019.SH,603019,中科曙光,天津,IT设备,20141106
1028,603020.SH,603020,爱普股份,上海,食品,20150325
1029,603021.SH,603021,山东华鹏,山东,玻璃,20150423
1030,603022.SH,603022,新通联,上海,广告包装,20150518
1031,603023.SH,603023,威帝股份,黑龙江,汽车配件,20150527
1032,603025.SH,603025,大豪科技,北京,IT设备,20150422
1033,603026.SH,603026,石大胜华,山东,化工原料,20150529
1034,603027.SH,603027,千禾味业,四川,食品,20160307
1035,603028.SH,603028,赛福天,江苏,钢加工,20160331
1036,603029.SH,603029,天鹅股份,山东,农用机械,20160427
1037,603030.SH,603030,全筑股份,上海,装修装饰,20150320
1038,603031.SH,603031,安德利,安徽,百货,20160822
1039,603032.SH,603032,德新交运,新疆,公路,20170105
1040,603033.SH,603033,三维股份,浙江,橡胶,20161207
1041,603035.SH,603035,常熟汽饰,江苏,汽车配件,20170105
1042,603036.SH,603036,如通股份,江苏,专用机械,20161209
1043,603037.SH,603037,凯众股份,上海,汽车配件,20170120
1044,603038.SH,603038,华立股份,广东,装修装饰,20170116
1045,603039.SH,603039,泛微网络,上海,软件服务,20170113
1046,603040.SH,603040,新坐标,浙江,机械基件,20170209
1047,603041.SH,603041,美思德,江苏,化工原料,20170330
1048,603042.SH,603042,华脉科技,江苏,通信设备,20170602
1049,603043.SH,603043,广州酒家,广东,食品,20170627
1050,603045.SH,603045,福达合金,浙江,电气设备,20180517
1051,603050.SH,603050,科林电气,河北,电气设备,20170414
1052,603053.SH,603053,成都燃气,四川,供气供热,20191217
1053,603055.SH,603055,台华新材,浙江,纺织,20170921
1054,603056.SH,603056,德邦股份,上海,仓储物流,20180116
1055,603058.SH,603058,永吉股份,贵州,广告包装,20161223
1056,603059.SH,603059,倍加洁,江苏,家居用品,20180302
1057,603060.SH,603060,国检集团,北京,建筑工程,20161109
1058,603063.SH,603063,禾望电气,深圳,电气设备,20170728
1059,603066.SH,603066,音飞储存,江苏,仓储物流,20150611
1060,603067.SH,603067,振华股份,湖北,化工原料,20160913
1061,603068.SH,603068,博通集成,上海,半导体,20190415
1062,603069.SH,603069,海汽集团,海南,公路,20160712
1063,603076.SH,603076,乐惠国际,浙江,专用机械,20171113
1064,603077.SH,603077,和邦生物,四川,化工原料,20120731
1065,603078.SH,603078,江化微,江苏,化工原料,20170410
1066,603079.SH,603079,圣达生物,浙江,食品,20170823
1067,603080.SH,603080,新疆火炬,新疆,供气供热,20180103
1068,603081.SH,603081,大丰实业,浙江,专用机械,20170420
1069,603083.SH,603083,剑桥科技,上海,通信设备,20171110
1070,603085.SH,603085,天成自控,浙江,汽车配件,20150630
1071,603086.SH,603086,先达股份,山东,农药化肥,20170511
1072,603087.SH,603087,甘李药业,北京,生物制药,20200629
1073,603088.SH,603088,宁波精达,浙江,专用机械,20141111
1074,603089.SH,603089,正裕工业,浙江,汽车配件,20170126
1075,603090.SH,603090,宏盛股份,江苏,专用机械,20160831
1076,603093.SH,603093,南华期货,浙江,多元金融,20190830
1077,603095.SH,603095,越剑智能,浙江,纺织机械,20200415
1078,603096.SH,603096,新经典,天津,出版业,20170425
1079,603098.SH,603098,森特股份,北京,装修装饰,20161216
1080,603099.SH,603099,长白山,吉林,旅游景点,20140822
1081,603100.SH,603100,川仪股份,重庆,电器仪表,20140805
1082,603101.SH,603101,汇嘉时代,新疆,百货,20160506
1083,603103.SH,603103,横店影视,浙江,影视音像,20171012
1084,603105.SH,603105,芯能科技,浙江,电气设备,20180709
1085,603106.SH,603106,恒银科技,天津,IT设备,20170920
1086,603108.SH,603108,润达医疗,上海,医药商业,20150527
1087,603109.SH,603109,神驰机电,重庆,电气设备,20191231
1088,603110.SH,603110,东方材料,浙江,染料涂料,20171013
1089,603111.SH,603111,康尼机电,江苏,运输设备,20140801
1090,603112.SH,603112,华翔股份,山西,机械基件,20200917
1091,603113.SH,603113,金能科技,山东,焦炭加工,20170511
1092,603115.SH,603115,海星股份,江苏,元器件,20190809
1093,603116.SH,603116,红蜻蜓,浙江,服饰,20150629
1094,603117.SH,603117,万林物流,江苏,仓储物流,20150629
1095,603118.SH,603118,共进股份,深圳,通信设备,20150225
1096,603121.SH,603121,华培动力,上海,汽车配件,20190111
1097,603123.SH,603123,翠微股份,北京,百货,20120503
1098,603126.SH,603126,中材节能,天津,环境保护,20140731
1099,603127.SH,603127,昭衍新药,北京,医疗保健,20170825
1100,603128.SH,603128,华贸物流,上海,仓储物流,20120529
1101,603129.SH,603129,春风动力,浙江,摩托车,20170818
1102,603131.SH,603131,上海沪工,上海,专用机械,20160607
1103,603133.SH,603133,碳元科技,江苏,元器件,20170320
1104,603136.SH,603136,天目湖,江苏,旅游景点,20170927
1105,603138.SH,603138,海量数据,北京,软件服务,20170306
1106,603139.SH,603139,康惠制药,陕西,中成药,20170421
1107,603155.SH,603155,新亚强,江苏,化工原料,20200901
1108,603156.SH,603156,养元饮品,河北,软饮料,20180212
1109,603157.SH,603157,*ST拉夏,新疆,服饰,20170925
1110,603158.SH,603158,腾龙股份,江苏,汽车配件,20150320
1111,603159.SH,603159,上海亚虹,上海,专用机械,20160812
1112,603160.SH,603160,汇顶科技,深圳,元器件,20161017
1113,603161.SH,603161,科华控股,江苏,汽车配件,20180105
1114,603165.SH,603165,荣晟环保,浙江,造纸,20170117
1115,603166.SH,603166,福达股份,广西,汽车配件,20141127
1116,603167.SH,603167,渤海轮渡,山东,水运,20120906
1117,603168.SH,603168,莎普爱思,浙江,化学制药,20140702
1118,603169.SH,603169,兰石重装,甘肃,专用机械,20141009
1119,603177.SH,603177,德创环保,浙江,环境保护,20170207
1120,603178.SH,603178,圣龙股份,浙江,汽车配件,20170328
1121,603179.SH,603179,新泉股份,江苏,汽车配件,20170317
1122,603180.SH,603180,金牌厨柜,福建,家居用品,20170512
1123,603181.SH,603181,皇马科技,浙江,化工原料,20170824
1124,603183.SH,603183,建研院,江苏,建筑工程,20170905
1125,603185.SH,603185,上机数控,江苏,机床制造,20181228
1126,603186.SH,603186,华正新材,浙江,元器件,20170103
1127,603187.SH,603187,海容冷链,山东,机械基件,20181129
1128,603188.SH,603188,ST亚邦,江苏,染料涂料,20140909
1129,603189.SH,603189,网达软件,上海,软件服务,20160914
1130,603192.SH,603192,汇得科技,上海,化工原料,20180828
1131,603195.SH,603195,公牛集团,浙江,电气设备,20200206
1132,603196.SH,603196,日播时尚,上海,服饰,20170531
1133,603197.SH,603197,保隆科技,上海,汽车配件,20170519
1134,603198.SH,603198,迎驾贡酒,安徽,白酒,20150528
1135,603199.SH,603199,九华旅游,安徽,旅游景点,20150326
1136,603200.SH,603200,上海洗霸,上海,环境保护,20170601
1137,603203.SH,603203,快克股份,江苏,专用机械,20161108
1138,603208.SH,603208,江山欧派,浙江,家居用品,20170210
1139,603212.SH,603212,赛伍技术,江苏,塑料,20200430
1140,603214.SH,603214,爱婴室,上海,百货,20180330
1141,603217.SH,603217,元利科技,山东,化工原料,20190620
1142,603218.SH,603218,日月股份,浙江,工程机械,20161228
1143,603220.SH,603220,中贝通信,湖北,通信设备,20181115
1144,603221.SH,603221,爱丽家居,江苏,家居用品,20200323
1145,603222.SH,603222,济民制药,浙江,化学制药,20150217
1146,603223.SH,603223,恒通股份,山东,供气供热,20150630
1147,603225.SH,603225,新凤鸣,浙江,化纤,20170418
1148,603226.SH,603226,菲林格尔,上海,家居用品,20170615
1149,603227.SH,603227,雪峰科技,新疆,化工原料,20150515
1150,603228.SH,603228,景旺电子,深圳,元器件,20170106
1151,603229.SH,603229,奥翔药业,浙江,化学制药,20170509
1152,603232.SH,603232,格尔软件,上海,软件服务,20170421
1153,603233.SH,603233,大参林,广东,医药商业,20170731
1154,603236.SH,603236,移远通信,上海,通信设备,20190716
1155,603238.SH,603238,诺邦股份,浙江,纺织,20170222
1156,603239.SH,603239,浙江仙通,浙江,汽车配件,20161230
1157,603256.SH,603256,宏和科技,上海,玻璃,20190719
1158,603258.SH,603258,电魂网络,浙江,互联网,20161026
1159,603259.SH,603259,药明康德,江苏,化学制药,20180508
1160,603260.SH,603260,合盛硅业,浙江,化工原料,20171030
1161,603266.SH,603266,天龙股份,浙江,塑料,20170110
1162,603267.SH,603267,鸿远电子,北京,元器件,20190515
1163,603268.SH,603268,松发股份,广东,陶瓷,20150319
1164,603269.SH,603269,海鸥股份,江苏,机械基件,20170517
1165,603277.SH,603277,银都股份,浙江,专用机械,20170911
1166,603278.SH,603278,大业股份,山东,钢加工,20171113
1167,603279.SH,603279,景津环保,山东,环境保护,20190729
1168,603283.SH,603283,赛腾股份,江苏,专用机械,20171225
1169,603286.SH,603286,日盈电子,江苏,汽车配件,20170627
1170,603288.SH,603288,海天味业,广东,食品,20140211
1171,603289.SH,603289,泰瑞机器,浙江,专用机械,20171031
1172,603290.SH,603290,斯达半导,浙江,半导体,20200204
1173,603297.SH,603297,永新光学,浙江,电器仪表,20180910
1174,603298.SH,603298,杭叉集团,浙江,专用机械,20161227
1175,603299.SH,603299,苏盐井神,江苏,化工原料,20151231
1176,603300.SH,603300,华铁应急,浙江,专用机械,20150529
1177,603301.SH,603301,振德医疗,浙江,医疗保健,20180412
1178,603303.SH,603303,得邦照明,浙江,家用电器,20170330
1179,603305.SH,603305,旭升股份,浙江,汽车配件,20170710
1180,603306.SH,603306,华懋科技,福建,汽车配件,20140926
1181,603308.SH,603308,应流股份,安徽,专用机械,20140122
1182,603309.SH,603309,维力医疗,广东,医疗保健,20150302
1183,603311.SH,603311,金海高科,浙江,专用机械,20150518
1184,603313.SH,603313,梦百合,江苏,家居用品,20161013
1185,603315.SH,603315,福鞍股份,辽宁,机械基件,20150424
1186,603316.SH,603316,诚邦股份,浙江,建筑工程,20170619
1187,603317.SH,603317,天味食品,四川,食品,20190416
1188,603318.SH,603318,派思股份,辽宁,专用机械,20150424
1189,603319.SH,603319,湘油泵,湖南,汽车配件,20161130
1190,603320.SH,603320,迪贝电气,浙江,机械基件,20170502
1191,603321.SH,603321,梅轮电梯,浙江,运输设备,20170915
1192,603322.SH,603322,超讯通信,广东,通信设备,20160728
1193,603323.SH,603323,苏农银行,江苏,银行,20161129
1194,603326.SH,603326,我乐家居,江苏,家居用品,20170616
1195,603327.SH,603327,福蓉科技,四川,元器件,20190523
1196,603328.SH,603328,依顿电子,广东,元器件,20140701
1197,603329.SH,603329,上海雅仕,上海,仓储物流,20171229
1198,603330.SH,603330,上海天洋,上海,塑料,20170213
1199,603331.SH,603331,百达精工,浙江,专用机械,20170705
1200,603332.SH,603332,苏州龙杰,江苏,化纤,20190117
1201,603333.SH,603333,尚纬股份,四川,电气设备,20120507
1202,603335.SH,603335,迪生力,广东,汽车配件,20170620
1203,603336.SH,603336,宏辉果蔬,广东,农业综合,20161124
1204,603337.SH,603337,杰克股份,浙江,纺织机械,20170119
1205,603338.SH,603338,浙江鼎力,浙江,专用机械,20150325
1206,603339.SH,603339,四方科技,江苏,专用机械,20160519
1207,603345.SH,603345,安井食品,福建,食品,20170222
1208,603348.SH,603348,文灿股份,广东,汽车配件,20180426
1209,603351.SH,603351,威尔药业,江苏,化学制药,20190130
1210,603353.SH,603353,和顺石油,湖南,石油贸易,20200407
1211,603355.SH,603355,莱克电气,江苏,家用电器,20150513
1212,603356.SH,603356,华菱精工,安徽,机械基件,20180124
1213,603357.SH,603357,设计总院,安徽,建筑工程,20170801
1214,603358.SH,603358,华达科技,江苏,汽车配件,20170125
1215,603359.SH,603359,东珠生态,江苏,环境保护,20170901
1216,603360.SH,603360,百傲化学,辽宁,化工原料,20170206
1217,603363.SH,603363,傲农生物,福建,饲料,20170926
1218,603365.SH,603365,水星家纺,上海,纺织,20171120
1219,603366.SH,603366,日出东方,江苏,家用电器,20120521
1220,603367.SH,603367,辰欣药业,山东,化学制药,20170929
1221,603368.SH,603368,柳药股份,广西,医药商业,20141204
1222,603369.SH,603369,今世缘,江苏,白酒,20140703
1223,603377.SH,603377,东方时尚,北京,汽车服务,20160205
1224,603378.SH,603378,亚士创能,上海,染料涂料,20170928
1225,603379.SH,603379,三美股份,浙江,化工原料,20190402
1226,603380.SH,603380,易德龙,江苏,元器件,20170622
1227,603383.SH,603383,顶点软件,福建,软件服务,20170522
1228,603385.SH,603385,惠达卫浴,河北,家居用品,20170405
1229,603386.SH,603386,广东骏亚,广东,元器件,20170912
1230,603387.SH,603387,基蛋生物,江苏,医疗保健,20170717
1231,603388.SH,603388,元成股份,浙江,建筑工程,20170324
1232,603389.SH,603389,*ST亚振,江苏,家居用品,20161215
1233,603390.SH,603390,通达电气,广东,汽车配件,20191125
1234,603392.SH,603392,万泰生物,北京,医疗保健,20200429
1235,603393.SH,603393,新天然气,新疆,供气供热,20160912
1236,603396.SH,603396,金辰股份,辽宁,专用机械,20171018
1237,603398.SH,603398,邦宝益智,广东,文教休闲,20151209
1238,603399.SH,603399,吉翔股份,辽宁,小金属,20120824
1239,603408.SH,603408,建霖家居,福建,家居用品,20200730
1240,603416.SH,603416,信捷电气,江苏,电气设备,20161221
1241,603421.SH,603421,鼎信通讯,山东,通信设备,20161011
1242,603429.SH,603429,集友股份,安徽,广告包装,20170124
1243,603439.SH,603439,贵州三力,贵州,中成药,20200428
1244,603444.SH,603444,吉比特,福建,互联网,20170104
1245,603456.SH,603456,九洲药业,浙江,化学制药,20141010
1246,603458.SH,603458,勘设股份,贵州,建筑工程,20170809
1247,603466.SH,603466,风语筑,上海,文教休闲,20171020
1248,603477.SH,603477,巨星农牧,四川,纺织,20171218
1249,603486.SH,603486,科沃斯,江苏,家用电器,20180528
1250,603488.SH,603488,展鹏科技,江苏,电气设备,20170516
1251,603489.SH,603489,八方股份,江苏,电气设备,20191111
1252,603496.SH,603496,恒为科技,上海,IT设备,20170607
1253,603499.SH,603499,翔港科技,上海,广告包装,20171016
1254,603500.SH,603500,祥和实业,浙江,运输设备,20170904
1255,603501.SH,603501,韦尔股份,上海,半导体,20170504
1256,603505.SH,603505,金石资源,浙江,矿物制品,20170503
1257,603506.SH,603506,南都物业,浙江,房产服务,20180201
1258,603507.SH,603507,振江股份,江苏,钢加工,20171106
1259,603508.SH,603508,思维列控,河南,软件服务,20151224
1260,603515.SH,603515,欧普照明,上海,电气设备,20160819
1261,603516.SH,603516,淳中科技,北京,通信设备,20180202
1262,603517.SH,603517,绝味食品,湖南,食品,20170317
1263,603518.SH,603518,锦泓集团,江苏,服饰,20141203
1264,603519.SH,603519,立霸股份,江苏,家用电器,20150319
1265,603520.SH,603520,司太立,浙江,化学制药,20160309
1266,603527.SH,603527,众源新材,安徽,铜,20170907
1267,603528.SH,603528,多伦科技,江苏,软件服务,20160503
1268,603530.SH,603530,神马电力,江苏,电气设备,20190805
1269,603533.SH,603533,掌阅科技,北京,互联网,20170921
1270,603535.SH,603535,嘉诚国际,广东,仓储物流,20170808
1271,603536.SH,603536,惠发食品,山东,食品,20170613
1272,603538.SH,603538,美诺华,浙江,化学制药,20170407
1273,603551.SH,603551,奥普家居,浙江,家居用品,20200115
1274,603555.SH,603555,*ST贵人,福建,服饰,20140124
1275,603556.SH,603556,海兴电力,浙江,电器仪表,20161110
1276,603557.SH,603557,起步股份,浙江,服饰,20170818
1277,603558.SH,603558,健盛集团,浙江,纺织,20150127
1278,603559.SH,603559,中通国脉,吉林,通信设备,20161202
1279,603565.SH,603565,中谷物流,上海,仓储物流,20200925
1280,603566.SH,603566,普莱柯,河南,生物制药,20150518
1281,603567.SH,603567,珍宝岛,黑龙江,中成药,20150424
1282,603568.SH,603568,伟明环保,浙江,环境保护,20150528
1283,603569.SH,603569,长久物流,北京,仓储物流,20160810
1284,603577.SH,603577,汇金通,山东,钢加工,20161222
1285,603578.SH,603578,三星新材,浙江,玻璃,20170306
1286,603579.SH,603579,荣泰健康,上海,医疗保健,20170111
1287,603580.SH,603580,艾艾精工,上海,化工原料,20170525
1288,603583.SH,603583,捷昌驱动,浙江,电气设备,20180921
1289,603585.SH,603585,苏利股份,江苏,化工原料,20161214
1290,603586.SH,603586,金麒麟,山东,汽车配件,20170406
1291,603587.SH,603587,地素时尚,上海,服饰,20180622
1292,603588.SH,603588,高能环境,北京,环境保护,20141229
1293,603589.SH,603589,口子窖,安徽,白酒,20150629
1294,603590.SH,603590,康辰药业,北京,化学制药,20180827
1295,603595.SH,603595,东尼电子,浙江,元器件,20170712
1296,603596.SH,603596,伯特利,安徽,汽车配件,20180427
1297,603598.SH,603598,引力传媒,北京,影视音像,20150527
1298,603599.SH,603599,广信股份,安徽,农药化肥,20150513
1299,603600.SH,603600,永艺股份,浙江,家居用品,20150123
1300,603601.SH,603601,再升科技,重庆,玻璃,20150122
1301,603602.SH,603602,纵横通信,浙江,通信设备,20170810
1302,603603.SH,603603,博天环境,北京,环境保护,20170217
1303,603605.SH,603605,珀莱雅,浙江,日用化工,20171115
1304,603606.SH,603606,东方电缆,浙江,电气设备,20141015
1305,603607.SH,603607,京华激光,浙江,造纸,20171025
1306,603608.SH,603608,天创时尚,广东,服饰,20160218
1307,603609.SH,603609,禾丰牧业,辽宁,饲料,20140808
1308,603610.SH,603610,麒盛科技,浙江,家居用品,20191029
1309,603611.SH,603611,诺力股份,浙江,运输设备,20150128
1310,603612.SH,603612,索通发展,山东,矿物制品,20170718
1311,603613.SH,603613,国联股份,北京,互联网,20190730
1312,603615.SH,603615,茶花股份,福建,家居用品,20170213
1313,603616.SH,603616,韩建河山,北京,其他建材,20150611
1314,603617.SH,603617,君禾股份,浙江,专用机械,20170703
1315,603618.SH,603618,杭电股份,浙江,电气设备,20150217
1316,603619.SH,603619,中曼石油,上海,石油开采,20171117
1317,603626.SH,603626,科森科技,江苏,专用机械,20170209
1318,603628.SH,603628,清源股份,福建,电气设备,20170112
1319,603629.SH,603629,利通电子,江苏,元器件,20181224
1320,603630.SH,603630,拉芳家化,广东,日用化工,20170313
1321,603633.SH,603633,徕木股份,上海,元器件,20161117
1322,603636.SH,603636,南威软件,福建,软件服务,20141230
1323,603637.SH,603637,镇海股份,浙江,建筑工程,20170208
1324,603638.SH,603638,艾迪精密,山东,专用机械,20170120
1325,603639.SH,603639,海利尔,山东,农药化肥,20170112
1326,603648.SH,603648,畅联股份,上海,仓储物流,20170913
1327,603650.SH,603650,彤程新材,上海,化工原料,20180627
1328,603655.SH,603655,朗博科技,江苏,汽车配件,20171229
1329,603656.SH,603656,泰禾智能,安徽,专用机械,20170321
1330,603657.SH,603657,春光科技,浙江,塑料,20180730
1331,603658.SH,603658,安图生物,河南,医疗保健,20160901
1332,603659.SH,603659,璞泰来,上海,化工原料,20171103
1333,603660.SH,603660,苏州科达,江苏,通信设备,20161201
1334,603661.SH,603661,恒林股份,浙江,家居用品,20171121
1335,603662.SH,603662,柯力传感,浙江,电器仪表,20190806
1336,603663.SH,603663,三祥新材,福建,矿物制品,20160801
1337,603665.SH,603665,康隆达,浙江,纺织,20170313
1338,603666.SH,603666,亿嘉和,江苏,专用机械,20180612
1339,603667.SH,603667,五洲新春,浙江,机械基件,20161025
1340,603668.SH,603668,天马科技,福建,饲料,20170117
1341,603669.SH,603669,灵康药业,西藏,化学制药,20150528
1342,603676.SH,603676,卫信康,西藏,化学制药,20170721
1343,603677.SH,603677,奇精机械,浙江,机械基件,20170206
1344,603678.SH,603678,火炬电子,福建,元器件,20150126
1345,603679.SH,603679,华体科技,四川,电气设备,20170621
1346,603680.SH,603680,今创集团,江苏,运输设备,20180227
1347,603681.SH,603681,永冠新材,上海,化工原料,20190326
1348,603682.SH,603682,锦和商业,上海,房产服务,20200421
1349,603683.SH,603683,晶华新材,上海,化工原料,20171020
1350,603685.SH,603685,晨丰科技,浙江,电气设备,20171127
1351,603686.SH,603686,龙马环卫,福建,环境保护,20150126
1352,603687.SH,603687,大胜达,浙江,广告包装,20190726
1353,603688.SH,603688,石英股份,江苏,矿物制品,20141031
1354,603689.SH,603689,皖天然气,安徽,供气供热,20170110
1355,603690.SH,603690,至纯科技,上海,专用机械,20170113
1356,603693.SH,603693,江苏新能,江苏,新型电力,20180703
1357,603696.SH,603696,安记食品,福建,食品,20151209
1358,603697.SH,603697,有友食品,重庆,食品,20190508
1359,603698.SH,603698,航天工程,北京,专用机械,20150128
1360,603699.SH,603699,纽威股份,江苏,专用机械,20140117
1361,603700.SH,603700,宁水集团,浙江,电器仪表,20190122
1362,603701.SH,603701,德宏股份,浙江,汽车配件,20160412
1363,603703.SH,603703,盛洋科技,浙江,通信设备,20150423
1364,603706.SH,603706,东方环宇,新疆,供气供热,20180709
1365,603707.SH,603707,健友股份,江苏,化学制药,20170719
1366,603708.SH,603708,家家悦,山东,超市连锁,20161213
1367,603709.SH,603709,中源家居,浙江,家居用品,20180208
1368,603711.SH,603711,香飘飘,浙江,软饮料,20171130
1369,603712.SH,603712,七一二,天津,通信设备,20180226
1370,603713.SH,603713,密尔克卫,上海,仓储物流,20180713
1371,603716.SH,603716,塞力医疗,湖北,医药商业,20161031
1372,603717.SH,603717,天域生态,重庆,环境保护,20170327
1373,603718.SH,603718,海利生物,上海,生物制药,20150515
1374,603719.SH,603719,良品铺子,湖北,食品,20200224
1375,603721.SH,603721,中广天择,湖南,影视音像,20170811
1376,603722.SH,603722,阿科力,江苏,化工原料,20171025
1377,603725.SH,603725,天安新材,广东,塑料,20170906
1378,603726.SH,603726,朗迪集团,浙江,机械基件,20160421
1379,603727.SH,603727,博迈科,天津,石油开采,20161122
1380,603728.SH,603728,鸣志电器,上海,电气设备,20170509
1381,603729.SH,603729,龙韵股份,上海,广告包装,20150324
1382,603730.SH,603730,岱美股份,上海,汽车配件,20170728
1383,603733.SH,603733,仙鹤股份,浙江,造纸,20180420
1384,603737.SH,603737,三棵树,福建,染料涂料,20160603
1385,603738.SH,603738,泰晶科技,湖北,元器件,20160928
1386,603739.SH,603739,蔚蓝生物,山东,农业综合,20190116
1387,603755.SH,603755,日辰股份,山东,食品,20190828
1388,603757.SH,603757,大元泵业,浙江,专用机械,20170711
1389,603758.SH,603758,秦安股份,重庆,汽车配件,20170517
1390,603766.SH,603766,隆鑫通用,重庆,摩托车,20120810
1391,603767.SH,603767,中马传动,浙江,汽车配件,20170613
1392,603768.SH,603768,常青股份,安徽,汽车配件,20170324
1393,603773.SH,603773,沃格光电,江西,元器件,20180417
1394,603776.SH,603776,永安行,江苏,公共交通,20170817
1395,603777.SH,603777,来伊份,上海,食品,20161012
1396,603778.SH,603778,乾景园林,北京,建筑工程,20151231
1397,603779.SH,603779,ST威龙,山东,红黄酒,20160516
1398,603786.SH,603786,科博达,上海,汽车配件,20191015
1399,603787.SH,603787,新日股份,江苏,摩托车,20170427
1400,603788.SH,603788,宁波高发,浙江,汽车配件,20150120
1401,603789.SH,603789,星光农机,浙江,农用机械,20150427
1402,603790.SH,603790,雅运股份,上海,染料涂料,20180912
1403,603797.SH,603797,联泰环保,广东,环境保护,20170413
1404,603798.SH,603798,康普顿,山东,石油加工,20160406
1405,603799.SH,603799,华友钴业,浙江,小金属,20150129
1406,603800.SH,603800,道森股份,江苏,专用机械,20151210
1407,603801.SH,603801,志邦家居,安徽,家居用品,20170630
1408,603803.SH,603803,瑞斯康达,北京,通信设备,20170420
1409,603806.SH,603806,福斯特,浙江,塑料,20140905
1410,603808.SH,603808,歌力思,深圳,服饰,20150422
1411,603809.SH,603809,豪能股份,四川,汽车配件,20171128
1412,603810.SH,603810,丰山集团,江苏,农药化肥,20180917
1413,603811.SH,603811,诚意药业,浙江,化学制药,20170315
1414,603813.SH,603813,原尚股份,广东,仓储物流,20170918
1415,603815.SH,603815,交建股份,安徽,建筑工程,20191021
1416,603816.SH,603816,顾家家居,浙江,家居用品,20161014
1417,603817.SH,603817,海峡环保,福建,环境保护,20170220
1418,603818.SH,603818,曲美家居,北京,家居用品,20150422
1419,603819.SH,603819,神力股份,江苏,电气设备,20161125
1420,603822.SH,603822,嘉澳环保,浙江,环境保护,20160428
1421,603823.SH,603823,百合花,浙江,染料涂料,20161220
1422,603825.SH,603825,华扬联众,北京,互联网,20170802
1423,603826.SH,603826,坤彩科技,福建,染料涂料,20170414
1424,603828.SH,603828,柯利达,江苏,装修装饰,20150226
1425,603829.SH,603829,洛凯股份,江苏,电气设备,20171017
1426,603833.SH,603833,欧派家居,广东,家居用品,20170328
1427,603838.SH,603838,四通股份,广东,陶瓷,20150701
1428,603839.SH,603839,安正时尚,浙江,服饰,20170214
1429,603843.SH,603843,正平股份,青海,建筑工程,20160905
1430,603848.SH,603848,好太太,广东,家居用品,20171201
1431,603855.SH,603855,华荣股份,上海,专用机械,20170524
1432,603856.SH,603856,东宏股份,山东,塑料,20171106
1433,603858.SH,603858,步长制药,山东,中成药,20161118
1434,603859.SH,603859,能科股份,北京,软件服务,20161021
1435,603860.SH,603860,中公高科,北京,公路,20170802
1436,603861.SH,603861,白云电器,广东,电气设备,20160322
1437,603863.SH,603863,松炀资源,广东,造纸,20190621
1438,603866.SH,603866,桃李面包,辽宁,食品,20151222
1439,603867.SH,603867,新化股份,浙江,化工原料,20190627
1440,603868.SH,603868,飞科电器,上海,家用电器,20160418
1441,603869.SH,603869,新智认知,广西,软件服务,20150326
1442,603871.SH,603871,嘉友国际,北京,仓储物流,20180206
1443,603876.SH,603876,鼎胜新材,江苏,铝,20180418
1444,603877.SH,603877,太平鸟,浙江,服饰,20170109
1445,603878.SH,603878,武进不锈,江苏,钢加工,20161219
1446,603879.SH,603879,永悦科技,福建,化工原料,20170614
1447,603880.SH,603880,南卫股份,江苏,医疗保健,20170807
1448,603881.SH,603881,数据港,上海,电信运营,20170208
1449,603882.SH,603882,金域医学,广东,医疗保健,20170908
1450,603883.SH,603883,老百姓,湖南,医药商业,20150423
1451,603885.SH,603885,吉祥航空,上海,空运,20150527
1452,603886.SH,603886,元祖股份,上海,食品,20161228
1453,603887.SH,603887,城地香江,上海,软件服务,20161010
1454,603888.SH,603888,新华网,北京,互联网,20161028
1455,603889.SH,603889,新澳股份,浙江,纺织,20141231
1456,603890.SH,603890,春秋电子,江苏,机械基件,20171212
1457,603893.SH,603893,瑞芯微,福建,半导体,20200207
1458,603895.SH,603895,天永智能,上海,专用机械,20180122
1459,603896.SH,603896,寿仙谷,浙江,中成药,20170510
1460,603897.SH,603897,长城科技,浙江,电气设备,20180410
1461,603898.SH,603898,好莱客,广东,家居用品,20150217
1462,603899.SH,603899,晨光文具,上海,文教休闲,20150127
1463,603900.SH,603900,莱绅通灵,江苏,服饰,20161123
1464,603901.SH,603901,永创智能,浙江,专用机械,20150529
1465,603903.SH,603903,中持股份,北京,环境保护,20170314
1466,603906.SH,603906,龙蟠科技,江苏,化工原料,20170410
1467,603908.SH,603908,牧高笛,浙江,纺织,20170307
1468,603909.SH,603909,合诚股份,福建,建筑工程,20160628
1469,603912.SH,603912,佳力图,江苏,专用机械,20171101
1470,603915.SH,603915,国茂股份,江苏,机械基件,20190614
1471,603916.SH,603916,苏博特,江苏,化工原料,20171110
1472,603917.SH,603917,合力科技,浙江,汽车配件,20171204
1473,603918.SH,603918,金桥信息,上海,软件服务,20150528
1474,603919.SH,603919,金徽酒,甘肃,白酒,20160310
1475,603920.SH,603920,世运电路,广东,元器件,20170426
1476,603922.SH,603922,金鸿顺,江苏,汽车配件,20171023
1477,603926.SH,603926,铁流股份,浙江,汽车配件,20170510
1478,603927.SH,603927,中科软,北京,软件服务,20190909
1479,603928.SH,603928,兴业股份,江苏,化工原料,20161212
1480,603929.SH,603929,亚翔集成,江苏,装修装饰,20161230
1481,603931.SH,603931,格林达,浙江,化工原料,20200819
1482,603933.SH,603933,睿能科技,福建,纺织机械,20170706
1483,603936.SH,603936,博敏电子,广东,元器件,20151209
1484,603937.SH,603937,丽岛新材,江苏,铝,20171102
1485,603938.SH,603938,三孚股份,河北,化工原料,20170628
1486,603939.SH,603939,益丰药房,湖南,医药商业,20150217
1487,603948.SH,603948,建业股份,浙江,化工原料,20200302
1488,603949.SH,603949,雪龙集团,浙江,汽车配件,20200310
1489,603950.SH,603950,长源东谷,湖北,汽车配件,20200526
1490,603955.SH,603955,大千生态,江苏,环境保护,20170310
1491,603956.SH,603956,威派格,上海,专用机械,20190222
1492,603958.SH,603958,哈森股份,江苏,服饰,20160629
1493,603959.SH,603959,百利科技,湖南,建筑工程,20160517
1494,603960.SH,603960,克来机电,上海,专用机械,20170314
1495,603963.SH,603963,大理药业,云南,化学制药,20170922
1496,603966.SH,603966,法兰泰克,江苏,机械基件,20170125
1497,603967.SH,603967,中创物流,山东,仓储物流,20190429
1498,603968.SH,603968,醋化股份,江苏,化工原料,20150518
1499,603969.SH,603969,银龙股份,天津,其他建材,20150227
1500,603970.SH,603970,中农立华,北京,其他商业,20171116
1501,603976.SH,603976,正川股份,重庆,医疗保健,20170822
1502,603977.SH,603977,国泰集团,江西,化工原料,20161111
1503,603978.SH,603978,深圳新星,深圳,铝,20170807
1504,603979.SH,603979,金诚信,北京,建筑工程,20150630
1505,603980.SH,603980,吉华集团,浙江,染料涂料,20170615
1506,603982.SH,603982,泉峰汽车,江苏,汽车配件,20190522
1507,603983.SH,603983,丸美股份,广东,日用化工,20190725
1508,603985.SH,603985,恒润股份,江苏,机械基件,20170505
1509,603986.SH,603986,兆易创新,北京,半导体,20160818
1510,603987.SH,603987,康德莱,上海,医疗保健,20161121
1511,603988.SH,603988,中电电机,江苏,电气设备,20141104
1512,603989.SH,603989,艾华集团,湖南,元器件,20150515
1513,603990.SH,603990,麦迪科技,江苏,软件服务,20161208
1514,603991.SH,603991,至正股份,上海,塑料,20170308
1515,603992.SH,603992,松霖科技,福建,家居用品,20190826
1516,603993.SH,603993,洛阳钼业,河南,小金属,20121009
1517,603995.SH,603995,甬金股份,浙江,特种钢,20191224
1518,603996.SH,603996,*ST中新,浙江,家用电器,20151222
1519,603997.SH,603997,继峰股份,浙江,汽车配件,20150302
1520,603998.SH,603998,方盛制药,湖南,中成药,20141205
1521,603999.SH,603999,读者传媒,甘肃,出版业,20151210
1522,605001.SH,605001,威奥股份,山东,运输设备,20200522
1523,605003.SH,605003,众望布艺,浙江,纺织,20200908
1524,605005.SH,605005,合兴股份,浙江,汽车配件,20210119
1525,605006.SH,605006,山东玻纤,山东,玻璃,20200903
1526,605007.SH,605007,五洲特纸,浙江,造纸,20201110
1527,605008.SH,605008,长鸿高科,浙江,塑料,20200821
1528,605009.SH,605009,豪悦护理,浙江,造纸,20200911
1529,605018.SH,605018,长华股份,浙江,汽车配件,20200929
1530,605050.SH,605050,福然德,上海,仓储物流,20200924
1531,605055.SH,605055,迎丰股份,浙江,纺织,20210129
1532,605058.SH,605058,澳弘电子,江苏,元器件,20201021
1533,605066.SH,605066,天正电气,浙江,电气设备,20200807
1534,605068.SH,605068,明新旭腾,浙江,汽车配件,20201123
1535,605077.SH,605077,华康股份,浙江,食品,20210209
1536,605081.SH,605081,太和水,上海,环境保护,20210209
1537,605088.SH,605088,冠盛股份,浙江,汽车配件,20200817
1538,605099.SH,605099,共创草坪,江苏,文教休闲,20200930
1539,605100.SH,605100,华丰股份,山东,机械基件,20200811
1540,605108.SH,605108,同庆楼,安徽,酒店餐饮,20200716
1541,605111.SH,605111,新洁能,江苏,半导体,20200928
1542,605116.SH,605116,奥锐特,浙江,化学制药,20200921
1543,605118.SH,605118,力鼎光电,福建,元器件,20200730
1544,605123.SH,605123,派克新材,江苏,钢加工,20200825
1545,605128.SH,605128,上海沿浦,上海,汽车配件,20200915
1546,605133.SH,605133,N嵘泰,江苏,汽车配件,20210224
1547,605136.SH,605136,丽人丽妆,上海,其他商业,20200929
1548,605151.SH,605151,西上海,上海,汽车配件,20201215
1549,605155.SH,605155,西大门,浙江,化工原料,20201231
1550,605158.SH,605158,华达新材,浙江,钢加工,20200805
1551,605166.SH,605166,聚合顺,浙江,化工原料,20200618
1552,605168.SH,605168,三人行,陕西,互联网,20200528
1553,605169.SH,605169,洪通燃气,新疆,供气供热,20201030
1554,605177.SH,605177,东亚药业,浙江,化学制药,20201125
1555,605178.SH,605178,时空科技,北京,装修装饰,20200821
1556,605179.SH,605179,一鸣食品,浙江,乳制品,20201228
1557,605183.SH,605183,确成股份,江苏,化工原料,20201207
1558,605186.SH,605186,健麾信息,上海,专用机械,20201222
1559,605188.SH,605188,国光连锁,江西,超市连锁,20200728
1560,605198.SH,605198,德利股份,山东,软饮料,20200918
1561,605199.SH,605199,葫芦娃,海南,中成药,20200710
1562,605218.SH,605218,伟时电子,江苏,元器件,20200928
1563,605222.SH,605222,起帆电缆,上海,电气设备,20200731
1564,605228.SH,605228,神通科技,浙江,汽车配件,20210120
1565,605255.SH,605255,天普股份,浙江,汽车配件,20200825
1566,605258.SH,605258,协和电子,江苏,元器件,20201203
1567,605266.SH,605266,健之佳,云南,医药商业,20201201
1568,605268.SH,605268,N王力,浙江,家居用品,20210224
1569,605277.SH,605277,新亚电子,浙江,电气设备,20210106
1570,605288.SH,605288,凯迪股份,江苏,电气设备,20200601
1571,605299.SH,605299,舒华体育,福建,文教休闲,20201215
1572,605318.SH,605318,法狮龙,浙江,装修装饰,20200803
1573,605333.SH,605333,沪光股份,江苏,汽车配件,20200818
1574,605336.SH,605336,帅丰电器,浙江,家用电器,20201019
1575,605337.SH,605337,李子园,浙江,乳制品,20210208
1576,605338.SH,605338,巴比食品,上海,食品,20201012
1577,605358.SH,605358,立昂微,浙江,半导体,20200911
1578,605366.SH,605366,宏柏新材,江西,化工原料,20200812
1579,605368.SH,605368,蓝天燃气,河南,供气供热,20210129
1580,605369.SH,605369,拱东医疗,浙江,医疗保健,20200916
1581,605376.SH,605376,博迁新材,江苏,小金属,20201208
1582,605377.SH,605377,华旺科技,浙江,造纸,20201228
1583,605388.SH,605388,均瑶健康,湖北,软饮料,20200818
1584,605398.SH,605398,新炬网络,上海,软件服务,20210121
1585,605399.SH,605399,晨光新材,江西,化工原料,20200804
1586,605500.SH,605500,森林包装,浙江,造纸,20201222
1587,688001.SH,688001,华兴源创,江苏,专用机械,20190722
1588,688002.SH,688002,睿创微纳,山东,通信设备,20190722
1589,688003.SH,688003,天准科技,江苏,专用机械,20190722
1590,688004.SH,688004,博汇科技,北京,软件服务,20200612
1591,688005.SH,688005,容百科技,浙江,电气设备,20190722
1592,688006.SH,688006,杭可科技,浙江,电气设备,20190722
1593,688007.SH,688007,光峰科技,深圳,元器件,20190722
1594,688008.SH,688008,澜起科技,上海,半导体,20190722
1595,688009.SH,688009,中国通号,北京,运输设备,20190722
1596,688010.SH,688010,福光股份,福建,电器仪表,20190722
1597,688011.SH,688011,新光光电,黑龙江,元器件,20190722
1598,688012.SH,688012,中微公司,上海,专用机械,20190722
1599,688013.SH,688013,天臣医疗,江苏,医疗保健,20200928
1600,688015.SH,688015,交控科技,北京,运输设备,20190722
1601,688016.SH,688016,心脉医疗,上海,医疗保健,20190722
1602,688017.SH,688017,绿的谐波,江苏,机械基件,20200828
1603,688018.SH,688018,乐鑫科技,上海,半导体,20190722
1604,688019.SH,688019,安集科技,上海,半导体,20190722
1605,688020.SH,688020,方邦股份,广东,元器件,20190722
1606,688021.SH,688021,奥福环保,山东,环境保护,20191106
1607,688022.SH,688022,瀚川智能,江苏,专用机械,20190722
1608,688023.SH,688023,安恒信息,浙江,软件服务,20191105
1609,688025.SH,688025,杰普特,深圳,元器件,20191031
1610,688026.SH,688026,洁特生物,广东,塑料,20200122
1611,688027.SH,688027,国盾量子,安徽,通信设备,20200709
1612,688028.SH,688028,沃尔德,北京,专用机械,20190722
1613,688029.SH,688029,南微医学,江苏,医疗保健,20190722
1614,688030.SH,688030,山石网科,江苏,软件服务,20190930
1615,688033.SH,688033,天宜上佳,北京,运输设备,20190722
1616,688036.SH,688036,传音控股,深圳,通信设备,20190930
1617,688037.SH,688037,芯源微,辽宁,半导体,20191216
1618,688039.SH,688039,当虹科技,浙江,软件服务,20191211
1619,688050.SH,688050,爱博医疗,北京,医疗保健,20200729
1620,688051.SH,688051,佳华科技,北京,软件服务,20200320
1621,688055.SH,688055,龙腾光电,江苏,元器件,20200817
1622,688056.SH,688056,莱伯泰科,北京,电器仪表,20200902
1623,688057.SH,688057,金达莱,江西,环境保护,20201111
1624,688058.SH,688058,宝兰德,北京,软件服务,20191101
1625,688059.SH,688059,华锐精密,湖南,机械基件,20210208
1626,688060.SH,688060,云涌科技,江苏,软件服务,20200710
1627,688063.SH,688063,派能科技,上海,电气设备,20201230
1628,688065.SH,688065,凯赛生物,上海,化纤,20200812
1629,688066.SH,688066,航天宏图,北京,软件服务,20190722
1630,688068.SH,688068,热景生物,北京,医疗保健,20190930
1631,688069.SH,688069,德林海,江苏,环境保护,20200722
1632,688070.SH,688070,纵横股份,四川,航空,20210210
1633,688077.SH,688077,大地熊,安徽,元器件,20200722
1634,688078.SH,688078,龙软科技,北京,软件服务,20191230
1635,688080.SH,688080,映翰通,北京,通信设备,20200212
1636,688081.SH,688081,兴图新科,湖北,软件服务,20200106
1637,688085.SH,688085,三友医疗,上海,医疗保健,20200409
1638,688086.SH,688086,紫晶存储,广东,IT设备,20200226
1639,688088.SH,688088,虹软科技,浙江,软件服务,20190722
1640,688089.SH,688089,嘉必优,湖北,食品,20191219
1641,688090.SH,688090,瑞松科技,广东,专用机械,20200217
1642,688093.SH,688093,世华科技,江苏,化工原料,20200930
1643,688095.SH,688095,福昕软件,福建,软件服务,20200908
1644,688096.SH,688096,京源环保,江苏,环境保护,20200409
1645,688098.SH,688098,申联生物,上海,生物制药,20191028
1646,688099.SH,688099,晶晨股份,上海,半导体,20190808
1647,688100.SH,688100,威胜信息,湖南,通信设备,20200121
1648,688101.SH,688101,三达膜,陕西,环境保护,20191115
1649,688106.SH,688106,金宏气体,江苏,化工原料,20200616
1650,688108.SH,688108,赛诺医疗,天津,医疗保健,20191030
1651,688111.SH,688111,金山办公,北京,软件服务,20191118
1652,688116.SH,688116,天奈科技,江苏,化工原料,20190925
1653,688118.SH,688118,普元信息,上海,软件服务,20191204
1654,688122.SH,688122,西部超导,陕西,小金属,20190722
1655,688123.SH,688123,聚辰股份,上海,半导体,20191223
1656,688126.SH,688126,沪硅产业-U,上海,半导体,20200420
1657,688127.SH,688127,蓝特光学,浙江,元器件,20200921
1658,688128.SH,688128,中国电研,广东,专用机械,20191105
1659,688129.SH,688129,东来技术,上海,染料涂料,20201023
1660,688133.SH,688133,泰坦科技,上海,化工原料,20201030
1661,688135.SH,688135,利扬芯片,广东,半导体,20201111
1662,688136.SH,688136,科兴制药,山东,生物制药,20201214
1663,688138.SH,688138,清溢光电,深圳,元器件,20191120
1664,688139.SH,688139,海尔生物,山东,医疗保健,20191025
1665,688155.SH,688155,先惠技术,上海,专用机械,20200811
1666,688156.SH,688156,路德环境,湖北,环境保护,20200922
1667,688157.SH,688157,松井股份,湖南,染料涂料,20200609
1668,688158.SH,688158,优刻得-W,上海,互联网,20200120
1669,688159.SH,688159,有方科技,深圳,通信设备,20200123
1670,688160.SH,688160,步科股份,上海,电器仪表,20201112
1671,688165.SH,688165,埃夫特-U,安徽,专用机械,20200715
1672,688166.SH,688166,博瑞医药,江苏,化学制药,20191108
1673,688168.SH,688168,安博通,北京,软件服务,20190906
1674,688169.SH,688169,石头科技,北京,家用电器,20200221
1675,688177.SH,688177,百奥泰-U,广东,生物制药,20200221
1676,688178.SH,688178,万德斯,江苏,环境保护,20200114
1677,688179.SH,688179,阿拉丁,上海,化学制药,20201026
1678,688180.SH,688180,君实生物-U,上海,生物制药,20200715
1679,688181.SH,688181,八亿时空,北京,半导体,20200106
1680,688183.SH,688183,生益电子,广东,元器件,20210225
1681,688185.SH,688185,康希诺-U,天津,生物制药,20200813
1682,688186.SH,688186,广大特材,江苏,特种钢,20200211
1683,688188.SH,688188,柏楚电子,上海,软件服务,20190808
1684,688189.SH,688189,南新制药,湖南,化学制药,20200326
1685,688196.SH,688196,卓越新能,福建,环境保护,20191121
1686,688198.SH,688198,佰仁医疗,北京,医疗保健,20191209
1687,688199.SH,688199,久日新材,天津,化工原料,20191105
1688,688200.SH,688200,华峰测控,北京,专用机械,20200218
1689,688202.SH,688202,美迪西,上海,医疗保健,20191105
1690,688208.SH,688208,道通科技,深圳,汽车配件,20200213
1691,688215.SH,688215,瑞晟智能,浙江,专用机械,20200828
1692,688218.SH,688218,江苏北人,江苏,专用机械,20191211
1693,688219.SH,688219,会通股份,安徽,塑料,20201118
1694,688221.SH,688221,前沿生物-U,江苏,生物制药,20201028
1695,688222.SH,688222,成都先导,四川,化学制药,20200416
1696,688228.SH,688228,开普云,广东,互联网,20200327
1697,688229.SH,688229,博睿数据,北京,软件服务,20200817
1698,688233.SH,688233,神工股份,辽宁,化工原料,20200221
1699,688256.SH,688256,寒武纪-U,北京,元器件,20200720
1700,688258.SH,688258,卓易信息,江苏,软件服务,20191209
1701,688266.SH,688266,泽璟制药-U,江苏,化学制药,20200123
1702,688268.SH,688268,华特气体,广东,化工原料,20191226
1703,688277.SH,688277,天智航-U,北京,医疗保健,20200707
1704,688278.SH,688278,特宝生物,福建,生物制药,20200117
1705,688286.SH,688286,敏芯股份,江苏,元器件,20200810
1706,688288.SH,688288,鸿泉物联,浙江,汽车配件,20191106
1707,688289.SH,688289,圣湘生物,湖南,医疗保健,20200828
1708,688298.SH,688298,东方生物,浙江,医疗保健,20200205
1709,688299.SH,688299,长阳科技,浙江,塑料,20191106
1710,688300.SH,688300,联瑞新材,江苏,矿物制品,20191115
1711,688301.SH,688301,奕瑞科技,上海,专用机械,20200918
1712,688308.SH,688308,欧科亿,湖南,机械基件,20201210
1713,688309.SH,688309,恒誉环保,山东,环境保护,20200714
1714,688310.SH,688310,迈得医疗,浙江,医疗保健,20191203
1715,688311.SH,688311,盟升电子,四川,元器件,20200731
1716,688312.SH,688312,燕麦科技,深圳,专用机械,20200608
1717,688313.SH,688313,仕佳光子-U,河南,通信设备,20200812
1718,688317.SH,688317,之江生物,上海,生物制药,20210118
1719,688318.SH,688318,财富趋势,深圳,软件服务,20200427
1720,688321.SH,688321,微芯生物,深圳,化学制药,20190812
1721,688330.SH,688330,宏力达,上海,电气设备,20201015
1722,688333.SH,688333,铂力特,陕西,机械基件,20190722
1723,688335.SH,688335,复洁环保,上海,环境保护,20200817
1724,688336.SH,688336,三生国健,上海,生物制药,20200722
1725,688338.SH,688338,赛科希德,北京,医疗保健,20200806
1726,688339.SH,688339,亿华通-U,北京,汽车配件,20200810
1727,688350.SH,688350,富淼科技,江苏,化工原料,20210128
1728,688356.SH,688356,键凯科技,北京,化学制药,20200826
1729,688357.SH,688357,建龙微纳,河南,化工原料,20191204
1730,688358.SH,688358,祥生医疗,江苏,医疗保健,20191203
1731,688360.SH,688360,德马科技,浙江,机械基件,20200602
1732,688363.SH,688363,华熙生物,山东,生物制药,20191106
1733,688365.SH,688365,光云科技,浙江,软件服务,20200429
1734,688366.SH,688366,昊海生科,上海,生物制药,20191030
1735,688368.SH,688368,晶丰明源,上海,半导体,20191014
1736,688369.SH,688369,致远互联,北京,软件服务,20191031
1737,688377.SH,688377,迪威尔,江苏,专用机械,20200708
1738,688378.SH,688378,奥来德,吉林,专用机械,20200903
1739,688379.SH,688379,华光新材,浙江,小金属,20200819
1740,688386.SH,688386,泛亚微透,江苏,化工原料,20201016
1741,688388.SH,688388,嘉元科技,广东,铜,20190722
1742,688389.SH,688389,普门科技,深圳,医疗保健,20191105
1743,688390.SH,688390,固德威,江苏,电气设备,20200904
1744,688393.SH,688393,安必平,广东,医疗保健,20200820
1745,688396.SH,688396,华润微,江苏,半导体,20200227
1746,688398.SH,688398,赛特新材,福建,矿物制品,20200211
1747,688399.SH,688399,硕世生物,江苏,医疗保健,20191205
1748,688408.SH,688408,中信博,江苏,电气设备,20200828
1749,688418.SH,688418,震有科技,深圳,通信设备,20200722
1750,688466.SH,688466,金科环境,北京,环境保护,20200508
1751,688488.SH,688488,艾迪药业,江苏,生物制药,20200720
1752,688500.SH,688500,慧辰资讯,北京,互联网,20200716
1753,688505.SH,688505,复旦张江,上海,化学制药,20200619
1754,688508.SH,688508,芯朋微,江苏,半导体,20200722
1755,688510.SH,688510,航亚科技,江苏,航空,20201216
1756,688513.SH,688513,苑东生物,四川,化学制药,20200902
1757,688516.SH,688516,奥特维,江苏,专用机械,20200521
1758,688518.SH,688518,联赢激光,深圳,专用机械,20200622
1759,688519.SH,688519,南亚新材,上海,元器件,20200818
1760,688520.SH,688520,神州细胞-U,北京,生物制药,20200622
1761,688521.SH,688521,芯原股份-U,上海,半导体,20200818
1762,688526.SH,688526,科前生物,湖北,农业综合,20200922
1763,688528.SH,688528,秦川物联,四川,电器仪表,20200701
1764,688529.SH,688529,豪森股份,辽宁,汽车配件,20201109
1765,688536.SH,688536,思瑞浦,江苏,半导体,20200921
1766,688550.SH,688550,瑞联新材,陕西,化工原料,20200902
1767,688551.SH,688551,科威尔,安徽,专用机械,20200910
1768,688555.SH,688555,泽达易盛,天津,软件服务,20200623
1769,688556.SH,688556,高测股份,山东,专用机械,20200807
1770,688557.SH,688557,兰剑智能,山东,专用机械,20201202
1771,688558.SH,688558,国盛智科,江苏,机床制造,20200630
1772,688559.SH,688559,海目星,深圳,专用机械,20200909
1773,688560.SH,688560,明冠新材,江西,电气设备,20201224
1774,688561.SH,688561,奇安信-U,北京,软件服务,20200722
1775,688566.SH,688566,吉贝尔,江苏,化学制药,20200518
1776,688567.SH,688567,孚能科技,江西,电气设备,20200717
1777,688568.SH,688568,中科星图,北京,软件服务,20200708
1778,688569.SH,688569,铁科轨道,北京,运输设备,20200831
1779,688571.SH,688571,杭华股份,浙江,染料涂料,20201211
1780,688577.SH,688577,浙海德曼,浙江,机床制造,20200916
1781,688578.SH,688578,艾力斯-U,上海,化学制药,20201202
1782,688579.SH,688579,山大地纬,山东,软件服务,20200717
1783,688580.SH,688580,伟思医疗,江苏,医疗保健,20200721
1784,688585.SH,688585,上纬新材,上海,化工原料,20200928
1785,688586.SH,688586,江航装备,安徽,航空,20200731
1786,688588.SH,688588,凌志软件,江苏,软件服务,20200511
1787,688589.SH,688589,力合微,深圳,半导体,20200722
1788,688590.SH,688590,新致软件,上海,软件服务,20201207
1789,688595.SH,688595,芯海科技,深圳,半导体,20200928
1790,688596.SH,688596,正帆科技,上海,专用机械,20200820
1791,688598.SH,688598,金博股份,湖南,矿物制品,20200518
1792,688599.SH,688599,天合光能,江苏,电气设备,20200610
1793,688600.SH,688600,皖仪科技,安徽,电器仪表,20200703
1794,688607.SH,688607,康众医疗,江苏,医疗保健,20210201
1795,688608.SH,688608,恒玄科技,上海,半导体,20201216
1796,688617.SH,688617,惠泰医疗,深圳,医疗保健,20210107
1797,688618.SH,688618,三旺通信,深圳,通信设备,20201230
1798,688619.SH,688619,罗普特,福建,软件服务,20210223
1799,688628.SH,688628,优利德,广东,电器仪表,20210201
1800,688656.SH,688656,浩欧博,江苏,生物制药,20210113
1801,688658.SH,688658,悦康药业,北京,化学制药,20201224
1802,688665.SH,688665,四方光电,湖北,电器仪表,20210209
1803,688668.SH,688668,鼎通科技,广东,元器件,20201221
1804,688669.SH,688669,聚石化学,广东,化工原料,20210125
1805,688678.SH,688678,福立旺,江苏,元器件,20201223
1806,688679.SH,688679,通源环境,安徽,环境保护,20201225
1807,688680.SH,688680,海优新材,上海,塑料,20210122
1808,688686.SH,688686,奥普特,广东,电器仪表,20201231
1809,688687.SH,688687,凯因科技,北京,生物制药,20210208
1810,688689.SH,688689,银河微电,江苏,元器件,20210127
1811,688698.SH,688698,伟创电气,江苏,电气设备,20201229
1812,688699.SH,688699,明微电子,深圳,半导体,20201218
1813,688777.SH,688777,中控技术,浙江,软件服务,20201124
1814,688788.SH,688788,科思科技,深圳,通信设备,20201022
1815,688819.SH,688819,天能股份,浙江,电气设备,20210118
1816,688981.SH,688981,中芯国际-U,上海,半导体,20200716
1817,689009.SH,689009,九号公司-UWD,北京,专用机械,20201029
